[38;2;229;240;255mII[38;2;229;240;255mII[38;2;229;242;255mII[38;2;232;241;255mII[38;2;233;242;255mII[38;2;232;241;255mII[38;2;235;242;255mII[38;2;235;243;255mII[38;2;235;243;255mII[38;2;237;244;255mII[38;2;241;244;255mII[38;2;241;245;255mII[38;2;243;245;255mII[38;2;248;244;255mII[38;2;248;245;255mII[38;2;248;244;255mII[38;2;250;248;255mII[38;2;250;248;255mII[38;2;250;248;255mII[38;2;251;249;255m@@[38;2;251;249;255m@@[38;2;251;249;255m@@[38;2;251;249;255m@@[38;2;251;249;255m@@[38;2;251;249;255m@@[38;2;250;248;255m@@[38;2;250;247;255m@@[38;2;250;248;255m@@[38;2;250;248;255m@@[38;2;249;248;255m@@[38;2;250;248;255m@@[38;2;250;248;255m@@[38;2;247;247;255m@@[38;2;245;245;255m@@[38;2;247;245;255m@@[38;2;242;244;255m@@[38;2;241;245;255m@@[38;2;242;245;255m@@[38;2;239;243;255m@@[38;2;238;241;255m@@[38;2;239;242;255m@@[38;2;237;242;255mII[38;2;233;241;255mII[38;2;233;241;255mII[38;2;234;242;255mII[38;2;234;242;255mII[38;2;234;242;255mII[38;2;234;242;255mII[38;2;231;242;255mII[38;2;231;241;255mII[38;2;231;241;255mII[38;2;229;239;255mII[38;2;228;238;255mII[38;2;228;238;255mII[38;2;226;238;255mII[38;2;226;239;255mII[38;2;226;239;255mII[38;2;226;239;255mII[38;2;225;240;255mII[38;2;225;240;255mII[38;2;226;240;255mII[38;2;228;241;255mII[38;2;228;241;255mII[38;2;228;241;255mII[38;2;227;242;255m@@[38;2;227;242;255m@@[38;2;227;242;255m@@[38;2;227;242;255m@@[38;2;227;242;255m@@[38;2;227;242;255m@@[38;2;227;242;255m@@[38;2;227;242;255m@@[38;2;227;242;255m@@[38;2;227;242;255m@@[38;2;227;242;255m@@[38;2;227;242;255m@@[38;2;226;242;255m@@[38;2;223;240;255m@@[38;2;223;240;255mII[38;2;223;240;255mII[38;2;222;240;255mII[38;2;222;240;255mII[38;2;222;240;255mII[38;2;219;239;255mII[38;2;217;237;255mII[38;2;217;238;255mII[38;2;216;238;255mII[38;2;216;238;255mII[38;2;216;238;255mII[38;2;217;238;255mII[38;2;216;238;255mII[38;2;216;238;255mII[38;2;216;238;255mII[38;2;216;238;255mII[38;2;216;236;255mII[38;2;216;237;255mII[38;2;212;237;255mII[38;2;212;236;255mII[38;2;213;237;255mII[38;2;209;236;255mII[38;2;210;235;255mII[38;2;210;236;255mII[38;2;204;232;255mII[38;2;201;231;255mII[38;2;203;231;255mII[38;2;200;230;255mII[38;2;199;230;255mII[38;2;198;229;255mII[38;2;199;229;255mII[38;2;200;231;255mII
[38;2;232;243;255mII[38;2;231;243;255mII[38;2;231;242;255mII[38;2;235;243;255mII[38;2;235;243;255mII[38;2;235;242;255mII[38;2;236;243;255mII[38;2;238;243;255mII[38;2;237;244;255mII[38;2;241;244;255mII[38;2;245;246;255mII[38;2;245;246;255mII[38;2;245;245;255mII[38;2;250;246;255mII[38;2;250;246;255mII[38;2;250;246;255mII[38;2;252;249;255m@@[38;2;252;249;255m@@[38;2;251;249;255m@@[38;2;253;249;255m@@[38;2;255;249;255m@@[38;2;255;250;255m@@[38;2;255;250;255m@@[38;2;255;249;255m@@[38;2;255;249;255m@@[38;2;255;250;255m@@[38;2;252;248;255m@@[38;2;253;249;255m@@[38;2;252;249;255m@@[38;2;251;249;255m@@[38;2;251;249;255m@@[38;2;251;249;255m@@[38;2;249;248;255m@@[38;2;248;247;255m@@[38;2;249;248;255m@@[38;2;247;247;255m@@[38;2;244;246;255m@@[38;2;245;247;255m@@[38;2;242;244;255m@@[38;2;240;243;255m@@[38;2;241;243;255m@@[38;2;239;243;255m@@[38;2;234;242;255m@@[38;2;235;242;255m@@[38;2;234;242;255mII[38;2;235;242;255m@@[38;2;235;243;255mII[38;2;235;242;255mII[38;2;234;242;255mII[38;2;233;242;255mII[38;2;233;242;255mII[38;2;231;241;255mII[38;2;230;240;255mII[38;2;230;240;255mII[38;2;230;240;255mII[38;2;228;240;255mII[38;2;229;240;255mII[38;2;228;240;255mII[38;2;227;240;255mII[38;2;228;241;255mII[38;2;227;240;255mII[38;2;228;241;255mII[38;2;228;241;255mII[38;2;228;241;255mII[38;2;227;242;255mII[38;2;227;242;255mII[38;2;227;242;255m@@[38;2;227;242;255m@@[38;2;227;242;255m@@[38;2;227;242;255m@@[38;2;227;242;255m@@[38;2;227;242;255m@@[38;2;227;242;255m@@[38;2;227;242;255m@@[38;2;227;242;255m@@[38;2;227;242;255m@@[38;2;226;241;255m@@[38;2;223;240;255m@@[38;2;223;240;255m@@[38;2;223;240;255m@@[38;2;223;240;255mII[38;2;223;240;255mII[38;2;222;240;255mII[38;2;219;238;255mII[38;2;219;239;255mII[38;2;219;238;255mII[38;2;219;238;255mII[38;2;218;238;255mII[38;2;218;238;255mII[38;2;219;238;255mII[38;2;219;238;255mII[38;2;218;238;255mII[38;2;219;239;255mII[38;2;219;239;255mII[38;2;219;238;255mII[38;2;217;238;255mII[38;2;216;238;255mII[38;2;216;239;255mII[38;2;216;237;255mII[38;2;213;237;255mII[38;2;212;237;255mII[38;2;213;238;255mII[38;2;208;235;255mII[38;2;205;232;255mII[38;2;205;232;255mII[38;2;204;232;255mII[38;2;202;231;255mII[38;2;201;231;255mII[38;2;202;232;255mII[38;2;202;234;255mII
[38;2;232;243;255mII[38;2;233;244;255mII[38;2;233;244;255mII[38;2;237;243;255mII[38;2;238;243;255mII[38;2;237;243;255mII[38;2;240;244;255mII[38;2;242;245;255mII[38;2;242;245;255mII[38;2;245;246;255mII[38;2;249;249;255mII[38;2;248;248;255mII[38;2;249;248;255mII[38;2;253;248;255m@@[38;2;252;248;255m@@[38;2;253;248;255m@@[38;2;255;249;253m@@[38;2;255;250;255m@@[38;2;255;249;253m@@[38;2;255;249;252m@@[38;2;255;248;252m@@[38;2;255;248;252m@@[38;2;255;248;252m@@[38;2;255;248;252m@@[38;2;255;248;252m@@[38;2;255;248;252m@@[38;2;255;248;252m@@[38;2;255;248;252m@@[38;2;255;248;252m@@[38;2;255;249;253m@@[38;2;255;249;253m@@[38;2;255;249;253m@@[38;2;251;249;255m@@[38;2;251;249;255m@@[38;2;250;248;255m@@[38;2;249;248;255m@@[38;2;249;248;255m@@[38;2;249;249;255m@@[38;2;247;247;255m@@[38;2;244;244;255m@@[38;2;244;244;255m@@[38;2;241;243;255m@@[38;2;238;242;255m@@[38;2;238;243;255m@@[38;2;238;243;255m@@[38;2;238;242;255m@@[38;2;238;243;255m@@[38;2;238;242;255m@@[38;2;235;243;255m@@[38;2;235;243;255m@@[38;2;235;243;255mII[38;2;232;241;255mII[38;2;232;241;255mII[38;2;232;241;255mII[38;2;232;241;255mII[38;2;232;241;255mII[38;2;232;241;255mII[38;2;231;242;255mII[38;2;231;242;255mII[38;2;231;242;255mII[38;2;230;242;255mII[38;2;228;241;255mII[38;2;228;241;255mII[38;2;228;241;255mII[38;2;227;242;255mII[38;2;227;242;255mII[38;2;227;242;255mII[38;2;227;242;255mII[38;2;227;242;255mII[38;2;227;242;255m@@[38;2;227;242;255m@@[38;2;227;242;255m@@[38;2;227;242;255m@@[38;2;227;242;255m@@[38;2;227;242;255m@@[38;2;227;242;255m@@[38;2;226;242;255m@@[38;2;223;240;255m@@[38;2;223;240;255m@@[38;2;223;240;255m@@[38;2;223;240;255mII[38;2;223;240;255mII[38;2;223;240;255mII[38;2;221;240;255mII[38;2;221;239;255mII[38;2;221;239;255mII[38;2;221;239;255mII[38;2;221;239;255mII[38;2;221;239;255mII[38;2;222;240;255mII[38;2;221;239;255mII[38;2;221;239;255mII[38;2;221;239;255mII[38;2;221;239;255mII[38;2;221;240;255mII[38;2;221;239;255mII[38;2;219;239;255mII[38;2;218;239;255mII[38;2;218;239;255mII[38;2;217;239;255mII[38;2;216;237;255mII[38;2;216;238;255mII[38;2;211;236;255mII[38;2;209;235;255mII[38;2;208;234;255mII[38;2;207;233;255mII[38;2;206;233;255mII[38;2;205;232;255mII[38;2;206;233;255mII[38;2;207;234;255mII
[38;2;238;244;255mII[38;2;239;245;255mII[38;2;239;244;255mII[38;2;244;246;255mII[38;2;246;247;255mII[38;2;245;248;255mII[38;2;249;249;255mII[38;2;250;249;255mII[38;2;250;249;255mII[38;2;251;249;255mII[38;2;253;249;255mII[38;2;253;249;255mII[38;2;255;249;255mII[38;2;255;245;250mII[38;2;255;245;249m@@[38;2;255;245;249m@@[38;2;255;244;247m@@[38;2;255;243;246m@@[38;2;255;243;246m@@[38;2;255;242;243m@@[38;2;255;243;243m@@[38;2;255;242;242m@@[38;2;255;242;242m@@[38;2;255;242;244m@@[38;2;255;242;242m@@[38;2;255;242;244m@@[38;2;255;243;247m@@[38;2;255;242;246m@@[38;2;255;243;246m@@[38;2;255;245;246m@@[38;2;255;244;247m@@[38;2;255;244;247m@@[38;2;255;246;249m@@[38;2;255;246;249m@@[38;2;255;246;249m@@[38;2;255;247;252m@@[38;2;255;249;253m@@[38;2;252;250;255m@@[38;2;251;249;255m@@[38;2;250;247;255m@@[38;2;250;248;255m@@[38;2;249;247;255m@@[38;2;248;248;255m@@[38;2;248;247;255m@@[38;2;247;247;255m@@[38;2;244;245;255m@@[38;2;244;245;255m@@[38;2;244;245;255m@@[38;2;240;244;255m@@[38;2;240;244;255m@@[38;2;240;244;255m@@[38;2;240;244;255m@@[38;2;239;244;255m@@[38;2;240;244;255m@@[38;2;237;243;255m@@[38;2;236;243;255m@@[38;2;236;243;255m@@[38;2;234;243;255m@@[38;2;234;244;255m@@[38;2;234;244;255mII[38;2;234;243;255mII[38;2;232;241;255mII[38;2;233;241;255mII[38;2;233;242;255mII[38;2;229;241;255mII[38;2;229;241;255mII[38;2;230;242;255mII[38;2;228;241;255mII[38;2;228;242;255mII[38;2;228;241;255mII[38;2;228;241;255mII[38;2;228;241;255mII[38;2;228;241;255mII[38;2;228;241;255mII[38;2;227;241;255m@@[38;2;228;241;255m@@[38;2;228;242;255m@@[38;2;226;241;255m@@[38;2;226;242;255m@@[38;2;227;242;255mII[38;2;227;241;255m@@[38;2;227;241;255mII[38;2;227;240;255mII[38;2;227;242;255mII[38;2;226;242;255mII[38;2;227;242;255mII[38;2;226;240;255mII[38;2;224;239;255mII[38;2;225;239;255mII[38;2;226;241;255mII[38;2;228;244;255mII[38;2;228;243;255mII[38;2;227;243;255mII[38;2;227;243;255mII[38;2;227;243;255mII[38;2;227;243;255mII[38;2;227;243;255mII[38;2;227;242;255mII[38;2;227;243;255mII[38;2;223;242;255mII[38;2;221;242;255mII[38;2;222;243;255mII[38;2;220;240;255mII[38;2;218;238;255mII[38;2;218;238;255mII[38;2;217;238;255mII[38;2;215;238;255mII[38;2;216;239;255mII[38;2;216;239;255mII[38;2;216;239;255mII
[38;2;245;246;255mII[38;2;245;246;255mII[38;2;244;246;255mII[38;2;249;247;255mII[38;2;251;250;255mII[38;2;250;249;255mII[38;2;252;249;255mII[38;2;255;250;255mII[38;2;253;249;255mII[38;2;255;249;253mII[38;2;255;248;251mII[38;2;255;248;251mII[38;2;255;246;249mII[38;2;255;243;244mII[38;2;255;243;244m@@[38;2;255;243;244m@@[38;2;255;241;242m@@[38;2;255;241;242m@@[38;2;255;241;242m@@[38;2;255;240;240m@@[38;2;255;240;238m@@[38;2;255;240;239m@@[38;2;255;239;238m@@[38;2;255;240;238m@@[38;2;255;240;238m@@[38;2;255;241;240m@@[38;2;255;241;241m@@[38;2;255;241;241m@@[38;2;255;241;241m@@[38;2;255;242;242m@@[38;2;255;242;242m@@[38;2;255;243;243m@@[38;2;255;243;245m@@[38;2;255;242;243m@@[38;2;255;243;244m@@[38;2;255;242;247m@@[38;2;255;244;249m@@[38;2;255;250;252m@@[38;2;253;250;255m@@[38;2;252;248;255m@@[38;2;252;248;255m@@[38;2;251;248;255m@@[38;2;252;249;255m@@[38;2;251;249;255m@@[38;2;251;249;255m@@[38;2;248;247;255m@@[38;2;248;247;255m@@[38;2;248;247;255m@@[38;2;245;247;255m@@[38;2;245;247;255m@@[38;2;245;247;255m@@[38;2;244;246;255m@@[38;2;244;246;255m@@[38;2;245;247;255m@@[38;2;240;244;255m@@[38;2;238;245;255m@@[38;2;238;243;255m@@[38;2;238;244;255m@@[38;2;237;244;255m@@[38;2;237;244;255m@@[38;2;237;244;255m@@[38;2;234;242;255m@@[38;2;235;242;255m@@[38;2;235;243;255mII[38;2;232;242;255m@@[38;2;233;243;255mII[38;2;232;242;255mII[38;2;232;243;255mII[38;2;231;243;255mII[38;2;231;243;255mII[38;2;230;242;255mII[38;2;229;241;255mII[38;2;229;241;255mII[38;2;229;241;255mII[38;2;228;241;255mII[38;2;229;241;255mII[38;2;228;241;255m@@[38;2;228;241;255mII[38;2;228;241;255mII[38;2;228;241;255mII[38;2;229;242;255mII[38;2;228;241;255mII[38;2;229;242;255mII[38;2;228;241;255mII[38;2;228;241;255mII[38;2;228;241;255mII[38;2;228;241;255mII[38;2;228;240;255mII[38;2;226;239;255mII[38;2;227;241;255mII[38;2;229;244;255mII[38;2;229;244;255mII[38;2;230;244;255mII[38;2;229;244;255mII[38;2;229;244;255mII[38;2;230;245;255mII[38;2;230;245;255mII[38;2;229;244;255mII[38;2;229;244;255mII[38;2;227;243;255mII[38;2;225;243;255mII[38;2;224;243;255mII[38;2;224;242;255mII[38;2;223;240;255mII[38;2;223;240;255mII[38;2;224;242;255mII[38;2;224;242;255mII[38;2;224;241;255mII[38;2;226;243;255mII[38;2;230;246;255mII
[38;2;247;247;255mII[38;2;247;246;255mII[38;2;247;247;255mII[38;2;251;250;255mII[38;2;252;251;255mII[38;2;252;250;255mII[38;2;255;250;255mII[38;2;255;247;252mII[38;2;255;247;252mII[38;2;255;248;251mII[38;2;255;244;246mII[38;2;255;245;249mII[38;2;255;244;246mII[38;2;255;241;241mII[38;2;255;242;242mII[38;2;255;242;242m@@[38;2;255;240;239m@@[38;2;255;240;239m@@[38;2;255;240;239m@@[38;2;255;239;237m@@[38;2;255;239;236m@@[38;2;255;239;236m@@[38;2;255;240;237m@@[38;2;255;240;237m@@[38;2;255;239;236m@@[38;2;255;239;237m@@[38;2;255;240;240m@@[38;2;255;239;239m@@[38;2;255;240;239m@@[38;2;255;241;241m@@[38;2;255;241;240m@@[38;2;255;241;240m@@[38;2;255;241;241m@@[38;2;255;241;242m@@[38;2;255;241;242m@@[38;2;255;240;244m@@[38;2;255;242;246m@@[38;2;255;246;247m@@[38;2;255;249;252m@@[38;2;255;249;255m@@[38;2;255;249;253m@@[38;2;255;249;253m@@[38;2;253;249;255m@@[38;2;255;249;255m@@[38;2;253;249;255m@@[38;2;249;248;255m@@[38;2;250;248;255m@@[38;2;250;248;255m@@[38;2;248;248;255m@@[38;2;247;247;255m@@[38;2;247;247;255m@@[38;2;248;248;255m@@[38;2;248;248;255m@@[38;2;249;248;255m@@[38;2;243;246;255m@@[38;2;241;246;255m@@[38;2;242;246;255m@@[38;2;241;246;255m@@[38;2;240;247;255m@@[38;2;241;247;255m@@[38;2;239;244;255m@@[38;2;237;242;255m@@[38;2;238;242;255m@@[38;2;237;242;255m@@[38;2;234;244;255m@@[38;2;234;244;255mII[38;2;233;243;255mII[38;2;234;244;255mII[38;2;233;244;255mII[38;2;233;244;255mII[38;2;232;242;255mII[38;2;231;241;255mII[38;2;231;241;255mII[38;2;230;241;255mII[38;2;228;241;255mII[38;2;228;241;255mII[38;2;228;241;255mII[38;2;230;241;255m@@[38;2;230;241;255m@@[38;2;230;241;255m@@[38;2;228;241;255mII[38;2;228;241;255mII[38;2;228;241;255mII[38;2;230;241;255mII[38;2;230;241;255mII[38;2;229;240;255mII[38;2;229;242;255mII[38;2;227;242;255mII[38;2;228;242;255mII[38;2;228;243;255mII[38;2;229;244;255mII[38;2;228;244;255mII[38;2;229;244;255mII[38;2;231;243;255mII[38;2;231;243;255mII[38;2;231;243;255mII[38;2;229;244;255mII[38;2;229;244;255mII[38;2;229;244;255mII[38;2;225;242;255mII[38;2;225;240;255mII[38;2;225;240;255mII[38;2;226;242;255mII[38;2;226;243;255mII[38;2;226;243;255mII[38;2;226;241;255mII[38;2;226;241;255mII[38;2;226;241;255mII[38;2;228;243;255mII[38;2;231;246;255mII
[38;2;251;250;255mII[38;2;251;250;255mII[38;2;251;248;255mII[38;2;253;251;255mII[38;2;255;251;253mII[38;2;255;247;252mII[38;2;255;245;250mII[38;2;255;245;247mII[38;2;255;245;245mII[38;2;255;245;244mII[38;2;255;243;242mII[38;2;255;242;240mII[38;2;255;239;235mII[38;2;255;238;238mII[38;2;255;238;235mII[38;2;255;238;232mII[38;2;255;237;231m@@[38;2;255;237;232m@@[38;2;255;236;232m@@[38;2;255;236;231m@@[38;2;255;235;230m@@[38;2;255;236;231m@@[38;2;255;238;231m@@[38;2;255;238;231m@@[38;2;255;238;231m@@[38;2;255;237;232m@@[38;2;255;238;235m@@[38;2;255;236;235m@@[38;2;255;237;236m@@[38;2;255;242;238m@@[38;2;255;240;238m@@[38;2;255;241;238m@@[38;2;255;239;237m@@[38;2;255;239;238m@@[38;2;255;240;238m@@[38;2;255;240;240m@@[38;2;255;242;242m@@[38;2;255;242;242m@@[38;2;255;243;246m@@[38;2;255;243;247m@@[38;2;255;244;247m@@[38;2;255;244;248m@@[38;2;255;247;250m@@[38;2;255;247;250m@@[38;2;255;248;251m@@[38;2;255;250;253m@@[38;2;255;249;252m@@[38;2;255;249;253m@@[38;2;253;249;255m@@[38;2;253;249;255m@@[38;2;253;249;255m@@[38;2;251;249;255m@@[38;2;250;249;255m@@[38;2;251;249;255m@@[38;2;248;248;255m@@[38;2;247;247;255m@@[38;2;248;247;255m@@[38;2;247;248;255m@@[38;2;247;249;255m@@[38;2;245;249;255m@@[38;2;244;248;255m@@[38;2;242;246;255m@@[38;2;242;246;255m@@[38;2;241;246;255m@@[38;2;239;247;255m@@[38;2;239;247;255m@@[38;2;239;247;255mII[38;2;235;243;255mII[38;2;234;243;255mII[38;2;235;244;255mII[38;2;234;243;255mII[38;2;233;242;255mII[38;2;234;242;255mII[38;2;233;243;255mII[38;2;233;245;255mII[38;2;233;245;255mII[38;2;232;244;255mII[38;2;232;243;255mII[38;2;231;243;255mII[38;2;231;243;255mII[38;2;231;243;255mII[38;2;231;243;255mII[38;2;231;243;255mII[38;2;231;243;255mII[38;2;232;243;255mII[38;2;232;243;255mII[38;2;233;244;255mII[38;2;232;244;255mII[38;2;232;243;255mII[38;2;231;243;255mII[38;2;231;244;255mII[38;2;230;243;255mII[38;2;230;243;255mII[38;2;233;245;255mII[38;2;233;245;255mII[38;2;233;244;255mII[38;2;231;244;255mII[38;2;230;243;255mII[38;2;231;244;255mII[38;2;230;243;255mII[38;2;230;243;255mII[38;2;230;243;255mII[38;2;230;243;255mII[38;2;231;244;255mII[38;2;232;246;255mII[38;2;235;247;255mII[38;2;236;245;255mII[38;2;238;246;255mII[38;2;235;245;255mII[38;2;231;245;255mII
[38;2;255;248;250mII[38;2;255;250;250mII[38;2;255;248;250mII[38;2;255;248;248mII[38;2;255;247;248mII[38;2;255;241;245mII[38;2;255;240;244mII[38;2;255;241;241mII[38;2;255;243;238mII[38;2;255;243;237mII[38;2;255;241;236mII[38;2;255;236;229mII[38;2;255;233;227mII[38;2;255;231;229mII[38;2;255;232;225mII[38;2;255;233;224mII[38;2;255;234;224mII[38;2;255;234;225m@@[38;2;255;233;225m@@[38;2;255;234;225m@@[38;2;255;234;226m@@[38;2;255;234;226m@@[38;2;255;235;227m@@[38;2;255;235;228m@@[38;2;255;235;228m@@[38;2;255;235;228m@@[38;2;255;235;230m@@[38;2;255;235;230m@@[38;2;255;236;231m@@[38;2;255;240;233m@@[38;2;255;240;233m@@[38;2;255;238;232m@@[38;2;255;240;234m@@[38;2;255;240;235m@@[38;2;255;238;234m@@[38;2;255;241;239m@@[38;2;255;241;240m@@[38;2;255;240;239m@@[38;2;255;241;241m@@[38;2;255;241;242m@@[38;2;255;241;242m@@[38;2;255;242;243m@@[38;2;255;243;244m@@[38;2;255;243;244m@@[38;2;255;244;246m@@[38;2;255;245;247m@@[38;2;255;247;247m@@[38;2;255;247;248m@@[38;2;255;248;251m@@[38;2;255;248;251m@@[38;2;255;248;251m@@[38;2;255;250;255m@@[38;2;253;250;255m@@[38;2;253;250;255m@@[38;2;252;249;255m@@[38;2;251;249;255m@@[38;2;251;249;255m@@[38;2;250;249;255m@@[38;2;250;249;255m@@[38;2;250;249;255m@@[38;2;249;249;255m@@[38;2;245;248;255m@@[38;2;245;248;255m@@[38;2;245;248;255m@@[38;2;245;249;255m@@[38;2;245;249;255m@@[38;2;245;249;255mII[38;2;242;245;255mII[38;2;241;245;255mII[38;2;241;245;255mII[38;2;241;245;255mII[38;2;241;245;255mII[38;2;242;245;255mII[38;2;240;246;255mII[38;2;240;249;255mII[38;2;240;249;255mII[38;2;238;248;255mII[38;2;235;244;255mII[38;2;236;245;255mII[38;2;235;244;255mII[38;2;236;245;255mII[38;2;235;244;255mII[38;2;235;244;255mII[38;2;235;244;255mII[38;2;235;244;255mII[38;2;235;244;255mII[38;2;236;244;255mII[38;2;236;244;255mII[38;2;236;244;255mII[38;2;236;244;255mII[38;2;234;244;255mII[38;2;235;245;255mII[38;2;233;244;255mII[38;2;229;243;255mII[38;2;230;244;255mII[38;2;230;244;255mII[38;2;234;245;255mII[38;2;234;245;255mII[38;2;234;245;255mII[38;2;237;246;255mII[38;2;237;246;255mII[38;2;237;246;255mII[38;2;236;245;255mII[38;2;236;245;255mII[38;2;240;250;255mII[38;2;242;251;255mII[38;2;245;250;255mII[38;2;246;250;255mII[38;2;246;250;255mII[38;2;248;251;255mII
[38;2;255;243;241mII[38;2;255;243;241mII[38;2;255;243;241mII[38;2;255;244;241mII[38;2;255;241;239mII[38;2;255;238;237mII[38;2;255;236;236mII[38;2;255;237;233mII[38;2;255;238;230mII[38;2;255;237;229mII[38;2;255;235;228mII[38;2;255;232;222mII[38;2;255;230;220mII[38;2;255;227;222mII[38;2;255;228;219mII[38;2;255;229;217mII[38;2;255;228;215mII[38;2;255;229;216mII[38;2;255;228;215m@@[38;2;255;233;220m@@[38;2;255;235;221m@@[38;2;255;234;219m@@[38;2;255;234;223m@@[38;2;255;234;225m@@[38;2;255;233;225m@@[38;2;255;234;225m@@[38;2;255;234;224m@@[38;2;255;234;225m@@[38;2;255;234;224m@@[38;2;255;235;225m@@[38;2;255;235;226m@@[38;2;255;235;226m@@[38;2;255;238;231m@@[38;2;255;238;232m@@[38;2;255;238;232m@@[38;2;255;238;235m@@[38;2;255;239;238m@@[38;2;255;238;236m@@[38;2;255;239;238m@@[38;2;255;240;240m@@[38;2;255;240;240m@@[38;2;255;240;241m@@[38;2;255;242;244m@@[38;2;255;241;242m@@[38;2;255;243;243m@@[38;2;255;245;245m@@[38;2;255;245;243m@@[38;2;255;245;245m@@[38;2;255;246;248m@@[38;2;255;246;248m@@[38;2;255;246;248m@@[38;2;255;248;251m@@[38;2;255;249;253m@@[38;2;255;249;253m@@[38;2;255;250;255m@@[38;2;253;249;255m@@[38;2;253;249;255m@@[38;2;253;250;255m@@[38;2;251;250;255m@@[38;2;252;250;255m@@[38;2;251;250;255m@@[38;2;248;249;255m@@[38;2;248;249;255m@@[38;2;249;249;255m@@[38;2;248;248;255m@@[38;2;248;248;255m@@[38;2;248;248;255m@@[38;2;249;249;255m@@[38;2;248;248;255m@@[38;2;248;248;255mII[38;2;248;248;255mII[38;2;248;248;255mII[38;2;249;248;255mII[38;2;248;249;255mII[38;2;244;248;255mII[38;2;244;248;255mII[38;2;243;248;255mII[38;2;241;244;255mII[38;2;241;244;255mII[38;2;241;244;255mII[38;2;241;244;255mII[38;2;241;245;255mII[38;2;241;244;255mII[38;2;241;244;255mII[38;2;239;244;255mII[38;2;240;244;255mII[38;2;239;245;255mII[38;2;239;245;255mII[38;2;238;245;255mII[38;2;237;245;255mII[38;2;235;245;255mII[38;2;234;244;255mII[38;2;235;246;255mII[38;2;235;246;255mII[38;2;235;246;255mII[38;2;235;246;255mII[38;2;237;246;255mII[38;2;237;246;255mII[38;2;236;245;255mII[38;2;242;250;255mII[38;2;246;251;255mII[38;2;245;251;255mII[38;2;245;249;255mII[38;2;245;250;255mII[38;2;248;255;255mII[38;2;250;255;253mII[38;2;251;255;255mII[38;2;250;255;253mII[38;2;252;255;255mII[38;2;253;253;255mII
[38;2;255;239;233mII[38;2;255;239;233mII[38;2;255;239;233mII[38;2;255;238;232mII[38;2;255;237;230mII[38;2;255;234;228mII[38;2;255;234;227mII[38;2;255;234;224mII[38;2;255;234;222mII[38;2;255;233;221mII[38;2;255;231;218mII[38;2;255;229;213mII[38;2;255;227;212mII[38;2;255;227;218mII[38;2;255;227;215mII[38;2;255;227;214mII[38;2;255;229;213mII[38;2;255;232;220m@@[38;2;255;232;220m@@[38;2;255;234;221m@@[38;2;255;235;222m@@[38;2;255;236;221m@@[38;2;255;234;225m@@[38;2;255;234;228m@@[38;2;255;238;231m@@[38;2;255;238;229m@@[38;2;255;236;226m@@[38;2;255;235;225m@@[38;2;255;237;227m@@[38;2;255;236;226m@@[38;2;255;231;221m@@[38;2;255;230;219m@@[38;2;255;234;225m@@[38;2;255;234;226m@@[38;2;255;235;225m@@[38;2;255;236;229m@@[38;2;255;235;228m@@[38;2;255;236;231m@@[38;2;255;238;235m@@[38;2;255;239;236m@@[38;2;255;239;236m@@[38;2;255;240;237m@@[38;2;255;241;240m@@[38;2;255;241;240m@@[38;2;255;241;240m@@[38;2;255;242;241m@@[38;2;255;242;241m@@[38;2;255;242;241m@@[38;2;255;243;245m@@[38;2;255;243;245m@@[38;2;255;243;244m@@[38;2;255;246;248m@@[38;2;255;247;250m@@[38;2;255;247;250m@@[38;2;255;248;250m@@[38;2;255;248;250m@@[38;2;255;248;250m@@[38;2;255;249;252m@@[38;2;255;252;255m@@[38;2;255;251;253m@@[38;2;255;251;253m@@[38;2;253;250;255m@@[38;2;253;251;255m@@[38;2;253;251;255m@@[38;2;255;250;253m@@[38;2;255;250;253m@@[38;2;255;251;253m@@[38;2;255;250;252m@@[38;2;255;250;251m@@[38;2;255;250;250m@@[38;2;255;247;245m@@[38;2;255;248;246m@@[38;2;255;252;252mII[38;2;251;251;255mII[38;2;249;249;255mII[38;2;249;249;255mII[38;2;249;249;255m@@[38;2;248;248;255mII[38;2;246;248;255mII[38;2;245;249;255mII[38;2;246;249;255mII[38;2;247;249;255mII[38;2;247;249;255mII[38;2;247;249;255mII[38;2;247;247;255mII[38;2;249;249;255mII[38;2;246;249;255mII[38;2;246;249;255mII[38;2;246;248;255mII[38;2;245;248;255mII[38;2;244;247;255mII[38;2;245;248;255mII[38;2;245;250;255mII[38;2;248;252;255mII[38;2;248;252;255mII[38;2;248;252;255mII[38;2;245;250;255mII[38;2;245;248;255mII[38;2;246;250;255mII[38;2;251;252;255mII[38;2;252;253;255mII[38;2;251;252;255mII[38;2;252;252;255mII[38;2;253;253;255mII[38;2;255;255;252mII[38;2;253;255;251mII[38;2;253;255;252mII[38;2;255;255;252mII[38;2;255;253;252mII[38;2;251;253;255mII
[38;2;255;236;228mII[38;2;255;237;228mII[38;2;255;237;228mII[38;2;255;235;225mII[38;2;255;234;223mII[38;2;255;235;225mII[38;2;255;234;221mII[38;2;255;234;221mII[38;2;255;235;222m@@[38;2;255;234;222m@@[38;2;255;232;218m@@[38;2;255;233;217m@@[38;2;255;233;217m@@[38;2;255;232;215m@@[38;2;255;229;214m@@[38;2;255;229;214m@@[38;2;255;242;230m@@[38;2;255;249;241m@@[38;2;255;250;242m@@[38;2;255;247;242m@@[38;2;255;247;242m@@[38;2;255;246;241m@@[38;2;255;247;246m@@[38;2;255;245;245m@@[38;2;255;245;241m@@[38;2;255;244;237m@@[38;2;255;241;235m@@[38;2;255;241;235m@@[38;2;255;244;236m@@[38;2;255;241;232m@@[38;2;255;235;225m@@[38;2;255;230;219m@@[38;2;255;232;219m@@[38;2;255;230;213mII[38;2;255;226;208mII[38;2;255;230;215mII[38;2;255;230;215mII[38;2;255;229;216mII[38;2;255;233;222m@@[38;2;255;235;223m@@[38;2;255;234;223m@@[38;2;255;236;228m@@[38;2;255;239;234m@@[38;2;255;240;234m@@[38;2;255;239;234m@@[38;2;255;240;237m@@[38;2;255;239;237m@@[38;2;255;240;238m@@[38;2;255;241;241m@@[38;2;255;241;241m@@[38;2;255;242;241m@@[38;2;255;242;244m@@[38;2;255;243;246m@@[38;2;255;243;244m@@[38;2;255;246;246m@@[38;2;255;248;247m@@[38;2;255;247;245m@@[38;2;255;248;248m@@[38;2;255;249;249m@@[38;2;255;249;249m@@[38;2;255;249;249m@@[38;2;255;248;249m@@[38;2;255;249;249m@@[38;2;255;248;248m@@[38;2;255;247;247m@@[38;2;255;248;248m@@[38;2;255;247;247m@@[38;2;255;248;248m@@[38;2;255;246;245m@@[38;2;255;246;243m@@[38;2;255;241;237m@@[38;2;255;240;235m@@[38;2;255;244;240m@@[38;2;255;246;242m@@[38;2;255;244;242mII[38;2;255;244;242mII[38;2;255;244;244mII[38;2;255;249;252mII[38;2;255;252;255mII[38;2;252;253;255mII[38;2;255;255;255mII[38;2;255;255;255mII[38;2;255;255;255mII[38;2;255;252;255mII[38;2;255;251;253mII[38;2;255;251;253mII[38;2;255;252;255mII[38;2;255;252;255mII[38;2;255;252;255mII[38;2;255;252;255mII[38;2;255;252;255mII[38;2;255;252;255mII[38;2;255;252;255mII[38;2;252;252;255mII[38;2;253;252;255mII[38;2;253;252;255mII[38;2;255;251;255mII[38;2;255;252;255mII[38;2;255;251;255mII[38;2;255;253;252mII[38;2;255;253;251mII[38;2;255;253;252mII[38;2;255;253;251mII[38;2;255;252;248mII[38;2;255;252;250mII[38;2;255;253;250mII[38;2;255;255;250mII[38;2;255;248;246mII[38;2;255;248;246mII[38;2;255;255;249mII
[38;2;255;235;226mII[38;2;255;235;226mII[38;2;255;236;227mII[38;2;255;235;224mII[38;2;255;234;223mII[38;2;255;234;223mII[38;2;255;235;223m@@[38;2;255;237;224m@@[38;2;255;237;225m@@[38;2;255;237;225m@@[38;2;255;234;218m@@[38;2;255;229;207m@@[38;2;255;225;201mII[38;2;255;220;195mII[38;2;255;232;212m@@[38;2;255;242;226m@@[38;2;255;243;231m@@[38;2;255;244;233m@@[38;2;255;248;240m@@[38;2;255;252;250m@@[38;2;255;252;251m@@[38;2;255;252;252m@@[38;2;255;252;250m@@[38;2;255;248;243m@@[38;2;255;242;234m@@[38;2;255;238;227m@@[38;2;255;236;224m@@[38;2;255;235;222m@@[38;2;255;240;227m@@[38;2;255;244;231m@@[38;2;255;241;230m@@[38;2;255;241;232m@@[38;2;255;244;239m@@[38;2;255;244;237m@@[38;2;255;240;231m@@[38;2;255;241;231m@@[38;2;255;235;222m@@[38;2;255;229;215m@@[38;2;255;234;222m@@[38;2;255;237;228m@@[38;2;255;235;225m@@[38;2;255;235;226m@@[38;2;255;236;227m@@[38;2;255;236;227m@@[38;2;255;236;228m@@[38;2;255;235;229m@@[38;2;255;235;230m@@[38;2;255;236;229m@@[38;2;255;241;237m@@[38;2;255;242;237m@@[38;2;255;241;237m@@[38;2;255;242;240m@@[38;2;255;243;242m@@[38;2;255;243;242m@@[38;2;255;244;242mII[38;2;255;245;243mII[38;2;255;244;243m@@[38;2;255;247;244m@@[38;2;255;248;246m@@[38;2;255;247;245m@@[38;2;255;247;247m@@[38;2;255;247;245m@@[38;2;255;248;247m@@[38;2;255;247;247m@@[38;2;255;249;249m@@[38;2;255;248;248m@@[38;2;255;248;248m@@[38;2;255;249;249m@@[38;2;255;247;246m@@[38;2;255;246;244m@@[38;2;255;244;243m@@[38;2;255;242;241m@@[38;2;255;240;234m@@[38;2;255;240;233m@@[38;2;255;239;232m@@[38;2;255;238;231m@@[38;2;255;238;233m@@[38;2;255;240;237m@@[38;2;255;243;239m@@[38;2;255;248;242mII[38;2;255;250;246mII[38;2;255;250;246mII[38;2;255;250;246mII[38;2;255;250;249mII[38;2;255;249;250mII[38;2;255;249;250mII[38;2;255;249;250mII[38;2;255;249;251mII[38;2;255;248;250mII[38;2;255;248;250mII[38;2;255;251;252mII[38;2;255;251;252mII[38;2;255;251;252mII[38;2;255;248;251mII[38;2;255;250;251mII[38;2;255;250;251mII[38;2;255;251;251mII[38;2;255;251;252mII[38;2;255;251;252mII[38;2;255;252;250mII[38;2;255;252;248mII[38;2;255;252;248mII[38;2;255;251;247mII[38;2;255;250;245mII[38;2;255;250;246mII[38;2;255;250;243mII[38;2;255;248;240mII[38;2;255;245;237mII[38;2;255;242;236mII[38;2;255;247;240mII
[38;2;255;235;221mII[38;2;255;234;222mII[38;2;255;235;223mII[38;2;255;233;220mII[38;2;255;232;219mII[38;2;255;232;219m@@[38;2;255;234;223m@@[38;2;255;235;224m@@[38;2;255;235;221m@@[38;2;255;236;224m@@[38;2;255;237;224m@@[38;2;255;238;223m@@[38;2;255;239;226m@@[38;2;255;242;228m@@[38;2;255;242;231m@@[38;2;255;241;234m@@[38;2;255;242;234m@@[38;2;255;242;234m@@[38;2;255;246;241m@@[38;2;255;247;245m@@[38;2;255;247;245m@@[38;2;255;248;244m@@[38;2;255;249;246m@@[38;2;255;250;248m@@[38;2;255;250;245m@@[38;2;255;251;247m@@[38;2;255;250;248m@@[38;2;255;250;248m@@[38;2;255;251;248m@@[38;2;255;250;244m@@[38;2;255;251;249m@@[38;2;255;255;253m@@[38;2;255;253;250m@@[38;2;255;246;244m@@[38;2;255;249;245m@@[38;2;255;252;249m@@[38;2;255;246;241m@@[38;2;255;241;233m@@[38;2;255;235;225m@@[38;2;255;232;218m@@[38;2;255;234;220m@@[38;2;255;231;220m@@[38;2;255;232;222m@@[38;2;255;231;221m@@[38;2;255;231;221m@@[38;2;255;233;223m@@[38;2;255;234;224m@@[38;2;255;234;225m@@[38;2;255;237;226mII[38;2;255;238;227mII[38;2;255;239;229mII[38;2;255;240;233mII[38;2;255;240;234mII[38;2;255;239;233mII[38;2;255;241;235mII[38;2;255;242;237mII[38;2;255;242;237mII[38;2;255;242;238mII[38;2;255;244;241mII[38;2;255;243;241mII[38;2;255;243;240mII[38;2;255;244;241mII[38;2;255;245;242m@@[38;2;255;244;242mII[38;2;255;245;244mII[38;2;255;245;244mII[38;2;255;245;244mII[38;2;255;248;247m@@[38;2;255;247;244m@@[38;2;255;246;242m@@[38;2;255;246;242m@@[38;2;255;246;241m@@[38;2;255;247;239m@@[38;2;255;245;238m@@[38;2;255;241;239m@@[38;2;255;243;239m@@[38;2;255;240;236m@@[38;2;255;238;232m@@[38;2;255;239;232m@@[38;2;255;242;233m@@[38;2;255;242;235m@@[38;2;255;244;238mII[38;2;255;246;242mII[38;2;255;249;247mII[38;2;255;249;249mII[38;2;255;248;248mII[38;2;255;246;246mII[38;2;255;245;246mII[38;2;255;246;246mII[38;2;255;248;247mII[38;2;255;248;246mII[38;2;255;248;246mII[38;2;255;247;246mII[38;2;255;245;245mII[38;2;255;245;245mII[38;2;255;246;246mII[38;2;255;248;247mII[38;2;255;249;248mII[38;2;255;249;248mII[38;2;255;249;247mII[38;2;255;249;246mII[38;2;255;249;246mII[38;2;255;249;244mII[38;2;255;249;244mII[38;2;255;248;244mII[38;2;255;248;241mII[38;2;255;246;233mII[38;2;255;242;233mII[38;2;255;240;230mII[38;2;255;237;228mII
[38;2;255;233;215mII[38;2;255;233;216mII[38;2;255;233;216mII[38;2;255;230;213m@@[38;2;255;229;213m@@[38;2;255;229;213m@@[38;2;255;230;216m@@[38;2;255;229;217m@@[38;2;255;229;214m@@[38;2;255;231;215m@@[38;2;255;232;218m@@[38;2;255;231;218m@@[38;2;255;233;219m@@[38;2;255;236;217m@@[38;2;255;232;214m@@[38;2;255;229;214m@@[38;2;255;233;222m@@[38;2;255;235;224m@@[38;2;255;235;223m@@[38;2;255;235;222m@@[38;2;255;238;229m@@[38;2;255;243;233m@@[38;2;255;249;248m@@[38;2;255;253;255m@@[38;2;255;252;253m@@[38;2;253;252;255m@@[38;2;252;251;255m@@[38;2;253;252;255m@@[38;2;252;252;255m@@[38;2;255;253;250m@@[38;2;253;255;253m@@[38;2;252;255;253m@@[38;2;255;250;243m@@[38;2;255;245;236m@@[38;2;255;238;221m@@[38;2;255;232;219m@@[38;2;255;232;221m@@[38;2;255;231;217m@@[38;2;255;228;213m@@[38;2;255;225;203m@@[38;2;255;228;210m@@[38;2;255;224;205m@@[38;2;255;226;208m@@[38;2;255;229;214m@@[38;2;255;232;217m@@[38;2;255;234;218m@@[38;2;255;234;221m@@[38;2;255;235;225m@@[38;2;255;230;216m@@[38;2;255;232;219m@@[38;2;255;235;225m@@[38;2;255;235;223m@@[38;2;255;234;220mII[38;2;255;234;220mII[38;2;255;234;223mII[38;2;255;235;226mII[38;2;255;234;226mII[38;2;255;237;228mII[38;2;255;239;232mII[38;2;255;239;231mII[38;2;255;240;232mII[38;2;255;241;234mII[38;2;255;241;234m@@[38;2;255;241;235mII[38;2;255;241;235mII[38;2;255;240;234mII[38;2;255;240;234mII[38;2;255;244;238mII[38;2;255;244;238mII[38;2;255;244;238mII[38;2;255;244;238m@@[38;2;255;245;238mII[38;2;255;245;238mII[38;2;255;242;238m@@[38;2;255;238;237m@@[38;2;255;239;234m@@[38;2;255;239;232m@@[38;2;255;238;231m@@[38;2;255;237;227m@@[38;2;255;236;222m@@[38;2;255;231;216m@@[38;2;255;233;219m@@[38;2;255;237;225mII[38;2;255;236;226mII[38;2;255;237;228mII[38;2;255;237;225mII[38;2;255;237;231mII[38;2;255;238;234mII[38;2;255;242;236mII[38;2;255;243;240mII[38;2;255;242;241mII[38;2;255;242;241mII[38;2;255;242;241mII[38;2;255;242;238mII[38;2;255;243;238mII[38;2;255;243;238mII[38;2;255;247;241mII[38;2;255;247;242mII[38;2;255;247;242mII[38;2;255;248;242mII[38;2;255;247;240mII[38;2;255;248;242mII[38;2;255;248;242mII[38;2;255;247;240mII[38;2;255;247;239mII[38;2;255;247;237mII[38;2;255;246;233mII[38;2;255;241;229mII[38;2;255;240;226mII[38;2;255;241;225mII
[38;2;255;229;207mII[38;2;255;229;207mII[38;2;255;228;207mII[38;2;255;228;207mII[38;2;255;228;208mII[38;2;255;228;207m@@[38;2;255;226;206m@@[38;2;255;225;205m@@[38;2;255;226;205m@@[38;2;255;225;203m@@[38;2;255;223;199m@@[38;2;255;223;200mII[38;2;255;222;197m@@[38;2;255;221;194m@@[38;2;255;222;195m@@[38;2;255;223;196m@@[38;2;255;226;202m@@[38;2;255;229;207m@@[38;2;255;230;209m@@[38;2;255;235;215m@@[38;2;255;240;227m@@[38;2;255;246;237m@@[38;2;255;250;250m@@[38;2;255;252;253m@@[38;2;255;251;252m@@[38;2;255;251;252m@@[38;2;255;251;252m@@[38;2;255;251;253m@@[38;2;255;253;252m@@[38;2;255;253;248m@@[38;2;255;251;250m@@[38;2;255;250;252m@@[38;2;255;249;246m@@[38;2;255;247;239m@@[38;2;255;234;218m@@[38;2;255;227;207m@@[38;2;255;226;205m@@[38;2;255;224;198m@@[38;2;255;223;197m@@[38;2;255;217;187mII[38;2;255;219;192mII[38;2;255;219;189mII[38;2;255;219;192mII[38;2;255;222;197mII[38;2;255;224;201mII[38;2;255;226;204mII[38;2;255;228;208mII[38;2;255;229;212mII[38;2;255;225;210mII[38;2;255;227;214m@@[38;2;255;231;220m@@[38;2;255;232;219m@@[38;2;255;232;218m@@[38;2;255;233;218m@@[38;2;255;234;221m@@[38;2;255;235;225m@@[38;2;255;234;224m@@[38;2;255;237;226m@@[38;2;255;236;228m@@[38;2;255;237;227m@@[38;2;255;237;227m@@[38;2;255;237;227m@@[38;2;255;236;227m@@[38;2;255;237;227m@@[38;2;255;236;227m@@[38;2;255;237;228m@@[38;2;255;237;227mII[38;2;255;240;230mII[38;2;255;241;231mII[38;2;255;241;230mII[38;2;255;241;229mII[38;2;255;240;230mII[38;2;255;241;230mII[38;2;255;239;231mII[38;2;255;237;231mII[38;2;255;238;228mII[38;2;255;238;225mII[38;2;255;234;221m@@[38;2;255;232;217m@@[38;2;255;231;214m@@[38;2;255;230;215m@@[38;2;255;227;211m@@[38;2;255;225;204mII[38;2;255;225;203mII[38;2;255;225;205mII[38;2;255;224;203mII[38;2;255;224;207mII[38;2;255;226;211mII[38;2;255;230;212mII[38;2;255;234;219mII[38;2;255;236;225mII[38;2;255;235;224mII[38;2;255;236;226mII[38;2;255;240;228mII[38;2;255;239;228mII[38;2;255;240;228mII[38;2;255;239;228mII[38;2;255;239;228mII[38;2;255;240;228mII[38;2;255;240;228mII[38;2;255;240;228mII[38;2;255;240;228mII[38;2;255;239;228mII[38;2;255;238;226mII[38;2;255;238;224mII[38;2;255;238;223mII[38;2;255;238;220mII[38;2;255;233;216mII[38;2;255;231;211mII[38;2;255;230;208mII
[38;2;255;224;201mII[38;2;255;225;202mII[38;2;255;225;201m@@[38;2;255;226;202mII[38;2;255;226;203mII[38;2;255;226;203mII[38;2;255;224;199mII[38;2;255;221;196mII[38;2;255;222;196mII[38;2;255;221;194mII[38;2;255;219;193m@@[38;2;255;220;193m@@[38;2;255;220;192m@@[38;2;255;219;191m@@[38;2;255;224;195m@@[38;2;255;228;200m@@[38;2;255;232;209m@@[38;2;255;237;219m@@[38;2;255;244;230m@@[38;2;255;249;241m@@[38;2;255;250;244m@@[38;2;255;255;244m@@[38;2;255;253;252m@@[38;2;255;252;253m@@[38;2;255;252;252m@@[38;2;255;252;252m@@[38;2;255;251;251m@@[38;2;255;251;251m@@[38;2;255;252;251m@@[38;2;255;250;242m@@[38;2;255;247;230m@@[38;2;255;242;218m@@[38;2;255;236;207m@@[38;2;255;229;190m@@[38;2;255;224;182mII[38;2;255;232;199m@@[38;2;255;235;210m@@[38;2;255;239;216m@@[38;2;255;236;215m@@[38;2;255;227;193m@@[38;2;255;232;202m@@[38;2;255;236;210m@@[38;2;255;233;208m@@[38;2;255;227;197mII[38;2;255;222;188mII[38;2;255;223;194mII[38;2;255;222;195mII[38;2;255;221;197mII[38;2;255;222;197mII[38;2;255;224;202mII[38;2;255;226;207mII[38;2;255;229;212mII[38;2;255;229;213mII[38;2;255;230;212mII[38;2;255;230;215mII[38;2;255;232;217mII[38;2;255;231;216mII[38;2;255;233;219mII[38;2;255;234;222m@@[38;2;255;234;222m@@[38;2;255;234;221m@@[38;2;255;234;220mII[38;2;255;234;220mII[38;2;255;234;220mII[38;2;255;234;221mII[38;2;255;234;222mII[38;2;255;234;221mII[38;2;255;236;223m@@[38;2;255;236;224m@@[38;2;255;236;224mII[38;2;255;235;223mII[38;2;255;235;223mII[38;2;255;235;222mII[38;2;255;235;224mII[38;2;255;235;225mII[38;2;255;237;221mII[38;2;255;237;221mII[38;2;255;235;224mII[38;2;255;233;219mII[38;2;255;233;217mII[38;2;255;233;219mII[38;2;255;231;216mII[38;2;255;230;213mII[38;2;255;230;213mII[38;2;255;230;214m@@[38;2;255;230;213mII[38;2;255;228;213mII[38;2;255;228;213mII[38;2;255;233;215mII[38;2;255;234;217mII[38;2;255;230;216mII[38;2;255;229;215mII[38;2;255;232;216mII[38;2;255;236;218mII[38;2;255;236;219mII[38;2;255;236;219mII[38;2;255;234;216mII[38;2;255;233;216mII[38;2;255;233;215mII[38;2;255;234;215mII[38;2;255;234;216mII[38;2;255;233;215mII[38;2;255;232;216mII[38;2;255;232;215mII[38;2;255;231;213mII[38;2;255;231;210mII[38;2;255;231;207mII[38;2;255;228;203mII[38;2;255;226;201mII[38;2;255;225;198mII
[38;2;255;218;189mII[38;2;255;221;192mII[38;2;255;225;189mII[38;2;255;218;187mII[38;2;255;220;187mII[38;2;255;216;185mII[38;2;255;219;184mII[38;2;255;222;189m@@[38;2;255;224;195m@@[38;2;255;225;193m@@[38;2;255;224;194m@@[38;2;255;222;188m@@[38;2;255;222;186m@@[38;2;255;226;192m@@[38;2;255;231;205m@@[38;2;255;238;219m@@[38;2;255;247;241m@@[38;2;255;252;249m@@[38;2;252;255;253m@@[38;2;253;255;255m@@[38;2;255;252;249m@@[38;2;255;251;250m@@[38;2;255;253;253m@@[38;2;255;252;251m@@[38;2;255;252;251m@@[38;2;255;255;255m@@[38;2;251;252;255m@@[38;2;251;252;255m@@[38;2;252;253;255m@@[38;2;255;251;247m@@[38;2;255;242;228m@@[38;2;255;234;210m@@[38;2;255;230;193m@@[38;2;255;225;176mII[38;2;255;219;161mII[38;2;255;216;157mII[38;2;255;214;158mII[38;2;255;218;166mII[38;2;255;227;186mII[38;2;255;227;186mII[38;2;255;230;196m@@[38;2;255;237;210m@@[38;2;255;235;206m@@[38;2;255;231;199m@@[38;2;255;227;193m@@[38;2;255;224;193m@@[38;2;255;219;187mII[38;2;255;216;183mII[38;2;255;222;189mII[38;2;255;222;191mII[38;2;255;221;194mII[38;2;255;225;199mII[38;2;255;226;202mII[38;2;255;227;203mII[38;2;255;228;204mII[38;2;255;228;204mII[38;2;255;227;204mII[38;2;255;228;207mII[38;2;255;229;210mII[38;2;255;230;210mII[38;2;255;230;211mII[38;2;255;230;213m@@[38;2;255;230;213m@@[38;2;255;230;213mII[38;2;255;231;212mII[38;2;255;231;213mII[38;2;255;232;214mII[38;2;255;231;212m@@[38;2;255;230;213m@@[38;2;255;230;217m@@[38;2;255;231;216mII[38;2;255;232;215mII[38;2;255;232;215mII[38;2;255;232;214mII[38;2;255;233;217mII[38;2;255;233;215mII[38;2;255;232;216mII[38;2;255;231;218mII[38;2;255;231;218mII[38;2;255;231;218mII[38;2;255;231;213mII[38;2;255;231;213mII[38;2;255;230;213mII[38;2;255;229;212mII[38;2;255;229;212mII[38;2;255;229;212mII[38;2;255;230;213mII[38;2;255;230;214mII[38;2;255;230;214mII[38;2;255;230;214mII[38;2;255;230;214mII[38;2;255;230;214mII[38;2;255;231;214mII[38;2;255;236;217mII[38;2;255;236;217mII[38;2;255;236;216mII[38;2;255;231;211mII[38;2;255;231;210mII[38;2;255;230;211mII[38;2;255;230;210mII[38;2;255;229;209mII[38;2;255;229;209mII[38;2;255;229;208mII[38;2;255;228;207mII[38;2;255;229;208mII[38;2;255;227;204mII[38;2;255;224;201mII[38;2;255;224;201mII[38;2;255;224;200mII[38;2;255;225;201mII
[38;2;255;210;180mII[38;2;255;213;185mII[38;2;255;217;188mII[38;2;255;211;175mII[38;2;255;214;179mII[38;2;255;209;174mII[38;2;255;210;171mII[38;2;255;215;177mII[38;2;255;220;183mII[38;2;255;225;187mII[38;2;255;231;200m@@[38;2;255;229;191m@@[38;2;255;226;188m@@[38;2;255;229;195m@@[38;2;255;238;214m@@[38;2;255;248;232m@@[38;2;255;245;235m@@[38;2;255;248;244m@@[38;2;255;252;253m@@[38;2;255;251;250m@@[38;2;255;252;251m@@[38;2;253;252;255m@@[38;2;253;252;255m@@[38;2;255;255;255m@@[38;2;255;255;255m@@[38;2;253;253;255m@@[38;2;251;252;255m@@[38;2;251;252;255m@@[38;2;251;253;255m@@[38;2;250;255;253m@@[38;2;253;255;252m@@[38;2;255;253;250m@@[38;2;255;250;246m@@[38;2;255;247;238m@@[38;2;255;245;229m@@[38;2;255;241;220m@@[38;2;255;235;207m@@[38;2;255;237;200m@@[38;2;255;238;210m@@[38;2;255;231;202m@@[38;2;255;233;204m@@[38;2;255;236;214m@@[38;2;255;228;196m@@[38;2;255;225;186m@@[38;2;255;221;190m@@[38;2;255;222;189m@@[38;2;255;221;186mII[38;2;255;221;185mII[38;2;255;222;185m@@[38;2;255;221;186mII[38;2;255;220;190m@@[38;2;255;220;190mII[38;2;255;222;193m@@[38;2;255;224;197m@@[38;2;255;224;197m@@[38;2;255;224;197m@@[38;2;255;224;199m@@[38;2;255;223;199mII[38;2;255;224;201mII[38;2;255;225;201mII[38;2;255;225;202mII[38;2;255;226;203m@@[38;2;255;226;203mII[38;2;255;226;203mII[38;2;255;226;204mII[38;2;255;226;203mII[38;2;255;227;204mII[38;2;255;225;199mII[38;2;255;225;199mII[38;2;255;223;202mII[38;2;255;226;207mII[38;2;255;227;209mII[38;2;255;227;209mII[38;2;255;227;208mII[38;2;255;228;206mII[38;2;255;228;207mII[38;2;255;228;208mII[38;2;255;228;212mII[38;2;255;228;211mII[38;2;255;228;211mII[38;2;255;228;208mII[38;2;255;228;208mII[38;2;255;228;208mII[38;2;255;226;207mII[38;2;255;226;207mII[38;2;255;226;206mII[38;2;255;228;208mII[38;2;255;227;210mII[38;2;255;228;210mII[38;2;255;227;210mII[38;2;255;227;210mII[38;2;255;227;210mII[38;2;255;228;210mII[38;2;255;231;212mII[38;2;255;232;212mII[38;2;255;231;211mII[38;2;255;228;207mII[38;2;255;227;206mII[38;2;255;228;207mII[38;2;255;228;204mII[38;2;255;229;204mII[38;2;255;229;205mII[38;2;255;226;203mII[38;2;255;225;202mII[38;2;255;225;203mII[38;2;255;224;201mII[38;2;255;222;198mII[38;2;255;222;199mII[38;2;255;222;198mII[38;2;255;223;198mII
[38;2;255;203;173m||[38;2;255;208;184m||[38;2;255;211;191m||[38;2;255;209;186m||[38;2;255;217;204m++[38;2;255;216;208m++[38;2;255;214;197m++[38;2;255;209;190m++[38;2;255;201;177m||[38;2;255;200;166m||[38;2;255;205;172m||[38;2;255;207;170m||[38;2;255;211;171mII[38;2;255;219;180mII[38;2;255;228;193m@@[38;2;255;230;198m@@[38;2;255;236;215m@@[38;2;255;242;224m@@[38;2;255;244;227m@@[38;2;255;246;235m@@[38;2;255;252;249m@@[38;2;251;252;255m@@[38;2;251;252;255m@@[38;2;251;252;255m@@[38;2;251;252;255m@@[38;2;251;252;255m@@[38;2;251;252;255m@@[38;2;251;252;255m@@[38;2;252;255;255m@@[38;2;250;255;251m@@[38;2;250;255;253m@@[38;2;250;253;255m@@[38;2;249;253;255m@@[38;2;250;253;255m@@[38;2;252;255;253m@@[38;2;255;255;252m@@[38;2;255;246;241m@@[38;2;255;244;234m@@[38;2;255;244;235m@@[38;2;255;239;223m@@[38;2;255;238;219m@@[38;2;255;240;222m@@[38;2;255;235;214m@@[38;2;255;233;211m@@[38;2;255;228;199m@@[38;2;255;224;186m@@[38;2;255;221;184m@@[38;2;255;218;179mII[38;2;255;215;172mII[38;2;255;215;173mII[38;2;255;213;175mII[38;2;255;214;175mII[38;2;255;215;177mII[38;2;255;216;178mII[38;2;255;216;181mII[38;2;255;216;181mII[38;2;255;216;181mII[38;2;255;215;181mII[38;2;255;215;182mII[38;2;255;215;181mII[38;2;255;215;183mII[38;2;255;219;187mII[38;2;255;219;187mII[38;2;255;218;188mII[38;2;255;215;186mII[38;2;255;216;186mII[38;2;255;216;186mII[38;2;255;218;182mII[38;2;255;217;183mII[38;2;255;216;185mII[38;2;255;220;194mII[38;2;255;224;201mII[38;2;255;224;200mII[38;2;255;223;199mII[38;2;255;223;199mII[38;2;255;223;200mII[38;2;255;224;200mII[38;2;255;223;203mII[38;2;255;224;204mII[38;2;255;224;204mII[38;2;255;226;205mII[38;2;255;227;204mII[38;2;255;226;204mII[38;2;255;226;204mII[38;2;255;225;204mII[38;2;255;225;204mII[38;2;255;225;205mII[38;2;255;226;206mII[38;2;255;225;205mII[38;2;255;225;206mII[38;2;255;225;206mII[38;2;255;225;206mII[38;2;255;226;206mII[38;2;255;225;206mII[38;2;255;225;206mII[38;2;255;225;206mII[38;2;255;225;202mII[38;2;255;225;202mII[38;2;255;226;204mII[38;2;255;226;202mII[38;2;255;226;201mII[38;2;255;226;201mII[38;2;255;225;200mII[38;2;255;223;200mII[38;2;255;224;200mII[38;2;255;223;198mII[38;2;255;220;194mII[38;2;255;221;195mII[38;2;255;222;194mII[38;2;255;222;196mII
[38;2;255;232;250m++[38;2;255;231;250m++[38;2;255;232;248m++[38;2;255;231;243m++[38;2;255;232;246m++[38;2;255;231;245m++[38;2;255;229;239m++[38;2;255;222;231m++[38;2;255;211;217m++[38;2;255;206;199m++[38;2;255;197;186m++[38;2;255;196;180m++[38;2;255;195;169m++[38;2;255;194;157m||[38;2;255;197;155m||[38;2;255;192;143m||[38;2;255;194;145m||[38;2;255;199;144m||[38;2;255;201;139m||[38;2;255;206;143mII[38;2;255;217;160mII[38;2;255;225;182mII[38;2;255;241;223m@@[38;2;255;255;250m@@[38;2;255;253;252m@@[38;2;252;253;255m@@[38;2;251;255;255m@@[38;2;251;255;253m@@[38;2;252;255;253m@@[38;2;255;252;253m@@[38;2;255;253;251m@@[38;2;255;253;250m@@[38;2;255;253;249m@@[38;2;255;251;247m@@[38;2;255;249;246m@@[38;2;255;248;241m@@[38;2;255;244;235m@@[38;2;255;239;227m@@[38;2;255;240;225m@@[38;2;255;238;218m@@[38;2;255;235;213m@@[38;2;255;234;209m@@[38;2;255;232;204m@@[38;2;255;229;200m@@[38;2;255;226;193m@@[38;2;255;224;189m@@[38;2;255;222;188m@@[38;2;255;222;189m@@[38;2;255;221;187m@@[38;2;255;220;184mII[38;2;255;221;182mII[38;2;255;219;181mII[38;2;255;219;180mII[38;2;255;219;181mII[38;2;255;219;181mII[38;2;255;218;180mII[38;2;255;218;181mII[38;2;255;217;179mII[38;2;255;213;174mII[38;2;255;213;173mII[38;2;255;212;171mII[38;2;255;211;171mII[38;2;255;208;174mII[38;2;255;208;180mII[38;2;255;206;179mII[38;2;255;206;177mII[38;2;255;207;178mII[38;2;255;212;174mII[38;2;255;211;175mII[38;2;255;208;174mII[38;2;255;213;185mII[38;2;255;216;193mII[38;2;255;218;195mII[38;2;255;221;201mII[38;2;255;221;204mII[38;2;255;222;200mII[38;2;255;223;198mII[38;2;255;221;196mII[38;2;255;221;195mII[38;2;255;219;193mII[38;2;255;221;197mII[38;2;255;221;197mII[38;2;255;221;198mII[38;2;255;221;195mII[38;2;255;221;194mII[38;2;255;221;195mII[38;2;255;221;195mII[38;2;255;220;195mII[38;2;255;220;195mII[38;2;255;221;196mII[38;2;255;222;198mII[38;2;255;222;197mII[38;2;255;223;200mII[38;2;255;225;204mII[38;2;255;223;201mII[38;2;255;221;195mII[38;2;255;219;191mII[38;2;255;219;195mII[38;2;255;218;199mII[38;2;255;223;196mII[38;2;255;224;195mII[38;2;255;221;196mII[38;2;255;219;193mII[38;2;255;218;190mII[38;2;255;218;191mII[38;2;255;219;190mII[38;2;255;218;189mII[38;2;255;217;189mII[38;2;255;218;189mII[38;2;255;217;188mII
[38;2;255;219;217m++[38;2;255;219;213m++[38;2;255;218;210m++[38;2;255;214;201m++[38;2;255;210;194m++[38;2;255;208;189m++[38;2;255;202;184m++[38;2;255;201;174m||[38;2;255;199;164m||[38;2;255;196;163m||[38;2;255;192;166m++[38;2;255;192;170m++[38;2;255;191;171m++[38;2;255;190;170m++[38;2;255;187;160m++[38;2;255;186;153m++[38;2;255;184;142m||[38;2;255;187;140m||[38;2;255;191;139m||[38;2;255;188;128m||[38;2;255;190;119m||[38;2;255;200;128mII[38;2;255;222;168mII[38;2;255;239;216m@@[38;2;255;248;243m@@[38;2;253;255;252m@@[38;2;253;255;251m@@[38;2;253;255;251m@@[38;2;255;253;249m@@[38;2;255;245;236m@@[38;2;255;247;234m@@[38;2;255;248;233m@@[38;2;255;245;228m@@[38;2;255;242;225m@@[38;2;255;241;224m@@[38;2;255;240;211m@@[38;2;255;237;208m@@[38;2;255;232;198m@@[38;2;255;232;194m@@[38;2;255;232;194m@@[38;2;255;228;189m@@[38;2;255;226;181mII[38;2;255;223;172mII[38;2;255;218;166mII[38;2;255;214;163mII[38;2;255;215;165mII[38;2;255;214;165mII[38;2;255;214;167mII[38;2;255;215;170mII[38;2;255;215;171mII[38;2;255;215;172mII[38;2;255;214;174mII[38;2;255;216;177mII[38;2;255;216;176mII[38;2;255;216;178mII[38;2;255;214;179mII[38;2;255;217;181mII[38;2;255;217;181mII[38;2;255;216;180mII[38;2;255;216;181mII[38;2;255;215;177mII[38;2;255;215;171mII[38;2;255;211;171mII[38;2;255;208;172mII[38;2;255;211;175mII[38;2;255;209;176mII[38;2;255;207;178mII[38;2;255;211;181m||[38;2;255;212;184m||[38;2;255;211;186m||[38;2;255;211;190m||[38;2;255;213;196m||[38;2;255;218;202m||[38;2;255;219;204m||[38;2;255;219;206m||[38;2;255;219;206m||[38;2;255;219;202m||[38;2;255;217;194m||[38;2;255;213;186mII[38;2;255;210;182mII[38;2;255;209;181mII[38;2;255;208;181mII[38;2;255;209;181mII[38;2;255;211;183mII[38;2;255;212;185mII[38;2;255;211;184mII[38;2;255;213;185mII[38;2;255;217;188mII[38;2;255;217;187mII[38;2;255;214;186mII[38;2;255;215;188mII[38;2;255;215;188mII[38;2;255;214;188mII[38;2;255;216;190mII[38;2;255;213;184mII[38;2;255;212;180mII[38;2;255;208;177mII[38;2;255;207;177m||[38;2;255;208;178m||[38;2;255;212;185m||[38;2;255;213;190m||[38;2;255;215;198m||[38;2;255;214;190m||[38;2;255;211;179m||[38;2;255;211;181m||[38;2;255;213;183m||[38;2;255;213;187m||[38;2;255;212;186m||[38;2;255;213;187m||[38;2;255;215;185m||
[38;2;255;203;163m||[38;2;255;202;160m||[38;2;255;201;158m||[38;2;255;198;155m||[38;2;255;197;154m||[38;2;255;194;150m||[38;2;255;196;150m||[38;2;255;197;148m||[38;2;255;192;140m||[38;2;255;189;139m||[38;2;255;188;136m||[38;2;255;191;129m||[38;2;255;192;127m||[38;2;255;195;134m||[38;2;255;197;136mII[38;2;255;197;136m||[38;2;255;196;137m||[38;2;255;194;131m||[38;2;255;194;130m||[38;2;255;197;136mII[38;2;255;200;136mII[38;2;255;205;137mII[38;2;255;218;157mII[38;2;255;235;197m@@[38;2;255;245;230m@@[38;2;255;252;248m@@[38;2;255;255;250m@@[38;2;255;253;250m@@[38;2;255;253;250m@@[38;2;255;249;246m@@[38;2;255;249;243m@@[38;2;255;248;240m@@[38;2;255;243;228m@@[38;2;255;241;219m@@[38;2;255;240;212m@@[38;2;255;233;187m@@[38;2;255;228;177mII[38;2;255;225;171mII[38;2;255;223;172mII[38;2;255;220;170mII[38;2;255;218;163mII[38;2;255;215;159mII[38;2;255;212;156mII[38;2;255;206;148mII[38;2;255;204;144mII[38;2;255;202;145mII[38;2;255;202;146mII[38;2;255;200;145mII[38;2;255;201;146mII[38;2;255;200;149mII[38;2;255;197;150mII[38;2;255;200;157mII[38;2;255;202;160mII[38;2;255;201;157mII[38;2;255;202;162mII[38;2;255;204;169mII[38;2;255;205;168mII[38;2;255;207;171mII[38;2;255;210;174mII[38;2;255;211;175mII[38;2;255;211;174mII[38;2;255;211;174mII[38;2;255;213;174mII[38;2;255;213;173mII[38;2;255;210;172mII[38;2;255;207;175mII[38;2;255;205;180mII[38;2;255;209;179mII[38;2;255;210;178mII[38;2;255;208;183mII[38;2;255;207;182mII[38;2;255;208;183m||[38;2;255;211;188m||[38;2;255;213;192m||[38;2;255;214;195m||[38;2;255;211;199m||[38;2;255;212;201m||[38;2;255;216;201m||[38;2;255;212;196m||[38;2;255;210;191m||[38;2;255;211;186m||[38;2;255;213;187m||[38;2;255;212;188m||[38;2;255;211;189m||[38;2;255;212;191m||[38;2;255;211;190m||[38;2;255;213;191m||[38;2;255;214;191m||[38;2;255;214;191m||[38;2;255;213;189m||[38;2;255;212;187mII[38;2;255;213;187mII[38;2;255;213;187mII[38;2;255;214;187m||[38;2;255;212;182m||[38;2;255;209;179mII[38;2;255;208;181mII[38;2;255;209;178mII[38;2;255;211;178mII[38;2;255;209;175mII[38;2;255;208;176mII[38;2;255;206;178m||[38;2;255;208;179m||[38;2;255;208;178m||[38;2;255;206;176m||[38;2;255;208;179m||[38;2;255;210;183m||[38;2;255;210;182m||[38;2;255;211;183m||[38;2;255;214;187m||
[38;2;255;196;151mII[38;2;255;199;151mII[38;2;255;198;150mII[38;2;255;198;148mII[38;2;255;195;145m||[38;2;255;195;144m||[38;2;255;198;145mII[38;2;255;198;145mII[38;2;255;198;141mII[38;2;255;198;140mII[38;2;255;197;136mII[38;2;255;198;133mII[38;2;255;202;134mII[38;2;255;199;130mII[38;2;255;196;127mII[38;2;255;195;125mII[38;2;255;196;125mII[38;2;255;201;130mII[38;2;255;211;143mII[38;2;255;217;153mII[38;2;255;211;148mII[38;2;255;204;134mII[38;2;255;223;162mII[38;2;255;234;188m@@[38;2;255;235;204m@@[38;2;255;240;219m@@[38;2;255;243;224m@@[38;2;255;242;218m@@[38;2;255;239;214m@@[38;2;255;237;210m@@[38;2;255;237;206m@@[38;2;255;234;200m@@[38;2;255;228;186m@@[38;2;255;225;179m@@[38;2;255;222;170mII[38;2;255;217;157mII[38;2;255;213;149mII[38;2;255;209;144mII[38;2;255;201;133mII[38;2;255;195;127mII[38;2;255;194;130mII[38;2;255;195;132mII[38;2;255;197;136mII[38;2;255;194;136mII[38;2;255;193;137mII[38;2;255;194;140m||[38;2;255;196;144m||[38;2;255;196;147m||[38;2;255;191;146m||[38;2;255;191;149m||[38;2;255;191;152m||[38;2;255;193;156m||[38;2;255;191;155m||[38;2;255;192;155m||[38;2;255;194;158m||[38;2;255;195;159m||[38;2;255;195;159m||[38;2;255;197;161m||[38;2;255;201;167m||[38;2;255;198;174m||[38;2;255;199;179m||[38;2;255;206;188m||[38;2;255;208;189m||[38;2;255;212;193m||[38;2;255;208;192m||[38;2;255;208;193m||[38;2;255;208;197m||[38;2;255;205;186m||[38;2;255;202;176m||[38;2;255;202;170mII[38;2;255;199;165mII[38;2;255;200;168mII[38;2;255;203;177mII[38;2;255;203;180m||[38;2;255;207;182m||[38;2;255;206;183m||[38;2;255;206;183m||[38;2;255;204;181m||[38;2;255;205;181m||[38;2;255;204;181m||[38;2;255;207;180m||[38;2;255;208;182m||[38;2;255;209;181m||[38;2;255;206;178m||[38;2;255;206;178mII[38;2;255;206;177mII[38;2;255;209;185mII[38;2;255;211;190m||[38;2;255;211;190m||[38;2;255;211;190m||[38;2;255;210;190m||[38;2;255;211;187mII[38;2;255;212;185mII[38;2;255;213;188mII[38;2;255;212;186mII[38;2;255;212;185mII[38;2;255;212;185mII[38;2;255;212;185mII[38;2;255;212;184mII[38;2;255;211;182mII[38;2;255;209;182m||[38;2;255;208;181mII[38;2;255;208;181m||[38;2;255;208;181m||[38;2;255;208;180m||[38;2;255;210;183m||[38;2;255;212;188m||[38;2;255;212;186m||[38;2;255;211;186m||[38;2;255;211;187m||
[38;2;255;197;155m||[38;2;255;198;154m||[38;2;255;200;154m||[38;2;255;197;150mII[38;2;255;199;149mII[38;2;255;198;146mII[38;2;255;195;142m||[38;2;255;196;139m||[38;2;255;197;137m||[38;2;255;200;138mII[38;2;255;203;139mII[38;2;255;204;139mII[38;2;255;206;140mII[38;2;255;205;141mII[38;2;255;202;137mII[38;2;255;199;135mII[38;2;255;200;131mII[38;2;255;201;127mII[38;2;255;204;130mII[38;2;255;202;121mII[38;2;255;199;122mII[38;2;255;204;131mII[38;2;255;219;156mII[38;2;255;221;163mII[38;2;255;225;168mII[38;2;255;230;181m@@[38;2;255;231;189m@@[38;2;255;227;176mII[38;2;255;226;177mII[38;2;255;228;177mII[38;2;255;226;167mII[38;2;255;223;166mII[38;2;255;216;155mII[38;2;255;212;147mII[38;2;255;207;140mII[38;2;255;203;133mII[38;2;255;200;128mII[38;2;255;197;125mII[38;2;255;194;121mII[38;2;255;192;124mII[38;2;255;191;128mII[38;2;255;191;130mII[38;2;255;191;135m||[38;2;255;190;137m||[38;2;255;187;139m||[38;2;255;187;143m||[38;2;255;189;148m||[38;2;255;190;153m||[38;2;255;187;154m||[38;2;255;189;157m||[38;2;255;192;163m||[38;2;255;195;162m||[38;2;255;195;163m||[38;2;255;194;162m||[38;2;255;197;167m||[38;2;255;197;169m||[38;2;255;196;167m||[38;2;255;197;169m||[38;2;255;197;168m||[38;2;255;197;165m||[38;2;255;196;163m||[38;2;255;200;170m||[38;2;255;202;174m||[38;2;255;205;177m||[38;2;255;203;177m||[38;2;255;202;177m||[38;2;255;203;178m||[38;2;255;204;177m||[38;2;255;204;174m||[38;2;255;204;168mII[38;2;255;202;168mII[38;2;255;203;170m||[38;2;255;205;177m||[38;2;255;204;179m||[38;2;255;204;176mII[38;2;255;205;177mII[38;2;255;205;176mII[38;2;255;203;175mII[38;2;255;203;174mII[38;2;255;204;175mII[38;2;255;204;176mII[38;2;255;205;176mII[38;2;255;204;175mII[38;2;255;204;176mII[38;2;255;203;177mII[38;2;255;203;176mII[38;2;255;204;178m||[38;2;255;205;180m||[38;2;255;205;180m||[38;2;255;206;181m||[38;2;255;207;183m||[38;2;255;207;181m||[38;2;255;208;181m||[38;2;255;209;184m||[38;2;255;209;184m||[38;2;255;209;183mII[38;2;255;207;179mII[38;2;255;208;182mII[38;2;255;209;185mII[38;2;255;211;187mII[38;2;255;212;187m||[38;2;255;212;187m||[38;2;255;209;186m||[38;2;255;209;187m||[38;2;255;207;186m||[38;2;255;210;187m||[38;2;255;212;189m||[38;2;255;212;189m||[38;2;255;212;188m||[38;2;255;210;184m||
[38;2;255;199;161m||[38;2;255;201;160m||[38;2;255;202;157m||[38;2;255;197;151m||[38;2;255;197;149mII[38;2;255;199;147mII[38;2;255;199;145mII[38;2;255;199;143mII[38;2;255;200;141mII[38;2;255;203;143mII[38;2;255;206;146mII[38;2;255;205;144mII[38;2;255;206;144mII[38;2;255;209;147mII[38;2;255;205;142mII[38;2;255;203;139mII[38;2;255;202;136mII[38;2;255;202;130mII[38;2;255;201;127mII[38;2;255;202;130mII[38;2;255;209;142mII[38;2;255;217;152mII[38;2;255;223;162mII[38;2;255;222;163mII[38;2;255;226;173mII[38;2;255;227;176mII[38;2;255;226;175mII[38;2;255;223;166mII[38;2;255;222;164mII[38;2;255;222;163mII[38;2;255;220;153mII[38;2;255;217;151mII[38;2;255;216;150mII[38;2;255;213;144mII[38;2;255;208;137mII[38;2;255;206;135mII[38;2;255;203;133mII[38;2;255;198;127mII[38;2;255;194;121mII[38;2;255;193;122mII[38;2;255;191;126mII[38;2;255;189;127m||[38;2;255;191;134mII[38;2;255;188;136m||[38;2;255;186;137m||[38;2;255;186;140m||[38;2;255;187;143m||[38;2;255;188;147m||[38;2;255;188;152m||[38;2;255;188;153m||[38;2;255;191;157m||[38;2;255;193;160m||[38;2;255;193;162m||[38;2;255;193;161m||[38;2;255;194;165m||[38;2;255;195;168m||[38;2;255;196;168m||[38;2;255;194;169m||[38;2;255;194;168m||[38;2;255;195;163m||[38;2;255;196;161m||[38;2;255;196;163mII[38;2;255;200;166mII[38;2;255;202;170mII[38;2;255;202;168mII[38;2;255;202;169mII[38;2;255;202;170mII[38;2;255;204;171mII[38;2;255;206;172mII[38;2;255;209;173mII[38;2;255;205;173mII[38;2;255;203;171mII[38;2;255;208;173mII[38;2;255;208;175mII[38;2;255;205;174mII[38;2;255;205;174mII[38;2;255;205;175mII[38;2;255;206;176mII[38;2;255;206;176mII[38;2;255;205;176mII[38;2;255;206;179mII[38;2;255;206;179mII[38;2;255;205;178mII[38;2;255;206;175mII[38;2;255;205;174mII[38;2;255;204;173mII[38;2;255;204;176mII[38;2;255;202;175mII[38;2;255;202;175mII[38;2;255;204;175mII[38;2;255;208;176mII[38;2;255;206;179m||[38;2;255;204;181m||[38;2;255;203;180m||[38;2;255;203;181m||[38;2;255;203;181m||[38;2;255;201;178m||[38;2;255;206;185m||[38;2;255;211;193m||[38;2;255;213;200m||[38;2;255;216;203m||[38;2;255;216;203m||[38;2;255;212;198m||[38;2;255;210;196m||[38;2;255;210;196m||[38;2;255;208;193m||[38;2;255;207;189m||[38;2;255;207;190m||[38;2;255;208;189m||[38;2;255;210;187m||
[38;2;255;201;158mII[38;2;255;200;156mII[38;2;255;201;154mII[38;2;255;199;152mII[38;2;255;200;150mII[38;2;255;202;146mII[38;2;255;205;148mII[38;2;255;205;150mII[38;2;255;206;150mII[38;2;255;207;150mII[38;2;255;207;152mII[38;2;255;207;151mII[38;2;255;208;150mII[38;2;255;209;147mII[38;2;255;209;148mII[38;2;255;208;148mII[38;2;255;207;147mII[38;2;255;209;145mII[38;2;255;211;149mII[38;2;255;217;154mII[38;2;255;220;162mII[38;2;255;221;166mII[38;2;255;225;170mII[38;2;255;229;175mII[38;2;255;229;182m@@[38;2;255;227;185m@@[38;2;255;228;185m@@[38;2;255;227;179m@@[38;2;255;224;174mII[38;2;255;222;167mII[38;2;255;221;164mII[38;2;255;218;157mII[38;2;255;215;151mII[38;2;255;211;145mII[38;2;255;208;139mII[38;2;255;206;135mII[38;2;255;203;132mII[38;2;255;198;128mII[38;2;255;197;128mII[38;2;255;195;129mII[38;2;255;192;128mII[38;2;255;192;130mII[38;2;255;193;133mII[38;2;255;190;135mII[38;2;255;190;137mII[38;2;255;193;139mII[38;2;255;193;143mII[38;2;255;193;145mII[38;2;255;193;145mII[38;2;255;195;148mII[38;2;255;195;152mII[38;2;255;195;153mII[38;2;255;195;152mII[38;2;255;195;153mII[38;2;255;196;154mII[38;2;255;196;156mII[38;2;255;196;159mII[38;2;255;197;160mII[38;2;255;198;162mII[38;2;255;199;163mII[38;2;255;199;164mII[38;2;255;200;164mII[38;2;255;201;170mII[38;2;255;203;176mII[38;2;255;202;175mII[38;2;255;202;174mII[38;2;255;202;174mII[38;2;255;204;173mII[38;2;255;206;176mII[38;2;255;206;175mII[38;2;255;205;172mII[38;2;255;203;172mII[38;2;255;206;172mII[38;2;255;204;173mII[38;2;255;202;171mII[38;2;255;205;170mII[38;2;255;205;171mII[38;2;255;205;175mII[38;2;255;205;173mII[38;2;255;205;172mII[38;2;255;204;174mII[38;2;255;205;175mII[38;2;255;207;176mII[38;2;255;209;183mII[38;2;255;208;193mII[38;2;255;209;190mII[38;2;255;205;182mII[38;2;255;202;178mII[38;2;255;204;176mII[38;2;255;205;177mII[38;2;255;207;179mII[38;2;255;207;181mII[38;2;255;206;182mII[38;2;255;205;180mII[38;2;255;204;177mII[38;2;255;201;174mII[38;2;255;198;175mII[38;2;255;203;180m||[38;2;255;208;187m||[38;2;255;211;196m||[38;2;255;211;199m||[38;2;255;210;201m||[38;2;255;208;199m||[38;2;255;208;198m||[38;2;255;209;202m||[38;2;255;211;203m||[38;2;255;211;203m||[38;2;255;212;204m||[38;2;255;211;201m||[38;2;255;212;199m||
[38;2;255;209;174mII[38;2;255;208;172mII[38;2;255;207;169mII[38;2;255;210;171mII[38;2;255;210;164mII[38;2;255;210;157mII[38;2;255;215;159mII[38;2;255;213;157mII[38;2;255;209;151mII[38;2;255;208;150mII[38;2;255;209;151mII[38;2;255;209;152mII[38;2;255;210;151mII[38;2;255;214;151mII[38;2;255;214;152mII[38;2;255;216;153mII[38;2;255;218;156mII[38;2;255;220;158mII[38;2;255;222;165mII[38;2;255;222;167mII[38;2;255;223;171mII[38;2;255;222;176mII[38;2;255;224;175mII[38;2;255;230;180m@@[38;2;255;230;185m@@[38;2;255;228;187m@@[38;2;255;229;186m@@[38;2;255;228;182m@@[38;2;255;226;178m@@[38;2;255;224;175mII[38;2;255;223;171mII[38;2;255;220;167mII[38;2;255;216;155mII[38;2;255;214;150mII[38;2;255;211;146mII[38;2;255;208;139mII[38;2;255;205;136mII[38;2;255;203;136mII[38;2;255;202;136mII[38;2;255;199;135mII[38;2;255;197;133mII[38;2;255;196;133mII[38;2;255;195;133mII[38;2;255;194;136mII[38;2;255;194;137mII[38;2;255;196;142mII[38;2;255;195;145mII[38;2;255;194;146mII[38;2;255;197;147mII[38;2;255;196;149mII[38;2;255;195;151mII[38;2;255;196;154mII[38;2;255;196;154mII[38;2;255;196;154mII[38;2;255;198;156mII[38;2;255;196;158mII[38;2;255;196;162mII[38;2;255;197;163mII[38;2;255;199;162mII[38;2;255;199;162mII[38;2;255;197;163mII[38;2;255;197;169mII[38;2;255;200;173mII[38;2;255;203;174mII[38;2;255;202;174mII[38;2;255;202;174mII[38;2;255;202;176mII[38;2;255;204;175mII[38;2;255;204;177mII[38;2;255;204;176mII[38;2;255;203;175mII[38;2;255;203;177mII[38;2;255;203;177mII[38;2;255;201;174mII[38;2;255;203;172mII[38;2;255;205;173mII[38;2;255;205;172mII[38;2;255;201;171mII[38;2;255;204;174mII[38;2;255;207;179mII[38;2;255;211;192mII[38;2;255;218;210m||[38;2;255;228;234m||[38;2;245;230;255m||[38;2;217;210;255m++[38;2;220;213;255m++[38;2;240;225;255m++[38;2;245;229;255m||[38;2;246;234;255m||[38;2;251;235;255m||[38;2;255;231;255m||[38;2;253;232;255m||[38;2;255;231;253m||[38;2;255;225;239m||[38;2;255;225;230m||[38;2;255;221;221m||[38;2;255;216;215m||[38;2;255;213;201m||[38;2;255;207;185mII[38;2;255;203;176mII[38;2;255;201;178mII[38;2;255;200;180mII[38;2;255;201;178mII[38;2;255;203;180mII[38;2;255;206;185mII[38;2;255;208;189mII[38;2;255;207;190mII[38;2;255;208;189mII[38;2;255;208;191mII[38;2;255;207;193m||
[38;2;231;215;255m++[38;2;231;216;255m++[38;2;228;213;255m++[38;2;233;220;255m++[38;2;255;231;255m++[38;2;255;223;235m++[38;2;255;217;202m||[38;2;255;216;180mII[38;2;255;215;166mII[38;2;255;211;157mII[38;2;255;209;158mII[38;2;255;210;157mII[38;2;255;211;160mII[38;2;255;211;164mII[38;2;255;214;162mII[38;2;255;215;160mII[38;2;255;214;162mII[38;2;255;213;164mII[38;2;255;215;165mII[38;2;255;222;173mII[38;2;255;226;173mII[38;2;255;229;175m@@[38;2;255;228;178m@@[38;2;255;225;177mII[38;2;255;230;184m@@[38;2;255;231;184m@@[38;2;255;226;181m@@[38;2;255;225;177m@@[38;2;255;225;175mII[38;2;255;225;176mII[38;2;255;222;171mII[38;2;255;220;167mII[38;2;255;217;159mII[38;2;255;215;154mII[38;2;255;213;149mII[38;2;255;210;145mII[38;2;255;207;142mII[38;2;255;205;141mII[38;2;255;205;140mII[38;2;255;204;139mII[38;2;255;201;137mII[38;2;255;199;136mII[38;2;255;198;136mII[38;2;255;197;139mII[38;2;255;196;141mII[38;2;255;195;140mII[38;2;255;195;143mII[38;2;255;194;145mII[38;2;255;199;147mII[38;2;255;199;149mII[38;2;255;198;152mII[38;2;255;198;156mII[38;2;255;199;157mII[38;2;255;198;155mII[38;2;255;199;156mII[38;2;255;199;158mII[38;2;255;198;161mII[38;2;255;200;164mII[38;2;255;200;165mII[38;2;255;201;166mII[38;2;255;199;166mII[38;2;255;199;167mII[38;2;255;201;169mII[38;2;255;204;169mII[38;2;255;202;171mII[38;2;255;201;175mII[38;2;255;200;180mII[38;2;255;204;181mII[38;2;255;202;173mII[38;2;255;203;175mII[38;2;255;210;190mII[38;2;255;210;195m||[38;2;255;211;195mII[38;2;255;215;199mII[38;2;255;219;202m||[38;2;255;218;208m||[38;2;255;219;214m||[38;2;255;224;223m||[38;2;255;230;242m||[38;2;242;228;255m||[38;2;215;216;255m++[38;2;206;209;255m++[38;2;200;205;255m++[38;2;202;204;255m++[38;2;199;204;255m++[38;2;196;202;255m++[38;2;193;203;255m++[38;2;190;203;255m++[38;2;187;199;255m++[38;2;185;196;255m++[38;2;184;195;255m++[38;2;183;194;255m++[38;2;179;194;255m++[38;2;176;195;255m++[38;2;178;188;255m++[38;2;178;183;255m++[38;2;171;191;255m++[38;2;200;206;255m++[38;2;238;227;255m++[38;2;255;221;230m||[38;2;255;218;221m||[38;2;255;219;219m||[38;2;255;216;210m||[38;2;255;215;207m||[38;2;255;217;213m||[38;2;255;220;221m||[38;2;255;219;226m||[38;2;255;220;227m||[38;2;255;219;224m||[38;2;255;217;214m||
[38;2;191;194;255m++[38;2;170;182;255m++[38;2;150;173;255m::[38;2;148;171;255m::[38;2;157;175;255m++[38;2;174;179;255m++[38;2;183;181;255m++[38;2;201;192;255m++[38;2;237;216;255m++[38;2;255;227;248m++[38;2;255;228;240m++[38;2;255;224;236m++[38;2;255;225;239m++[38;2;255;224;247m++[38;2;255;215;230m++[38;2;255;208;220m++[38;2;255;207;217m++[38;2;255;200;208m++[38;2;255;196;194m++[38;2;255;193;175m||[38;2;255;199;167m||[38;2;255;204;168m||[38;2;255;202;163m||[38;2;255;191;147m||[38;2;255;195;148m||[38;2;255;213;167mII[38;2;255;227;178m@@[38;2;255;226;173mII[38;2;255;224;169mII[38;2;255;224;167mII[38;2;255;220;164mII[38;2;255;217;160mII[38;2;255;217;158mII[38;2;255;214;155mII[38;2;255;212;152mII[38;2;255;211;149mII[38;2;255;209;147mII[38;2;255;206;145mII[38;2;255;206;143mII[38;2;255;205;141mII[38;2;255;204;141mII[38;2;255;201;139mII[38;2;255;200;140mII[38;2;255;199;142mII[38;2;255;198;143mII[38;2;255;197;142mII[38;2;255;196;143mII[38;2;255;196;145mII[38;2;255;198;145mII[38;2;255;198;148mII[38;2;255;197;150mII[38;2;255;197;154mII[38;2;255;197;156mII[38;2;255;198;157mII[38;2;255;200;158mII[38;2;255;200;161mII[38;2;255;200;164mII[38;2;255;199;165mII[38;2;255;200;166mII[38;2;255;201;166mII[38;2;255;201;166mII[38;2;255;203;172mII[38;2;255;206;186mII[38;2;255;211;200m||[38;2;255;226;226m||[38;2;255;229;237m||[38;2;255;228;244m||[38;2;255;234;246m||[38;2;255;230;234m||[38;2;255;230;238m||[38;2;237;228;255m||[38;2;221;220;255m||[38;2;225;222;255m||[38;2;222;222;255m||[38;2;217;217;255m||[38;2;210;210;255m++[38;2;204;207;255m++[38;2;200;210;255m++[38;2;200;206;255m++[38;2;198;201;255m++[38;2;199;201;255m||[38;2;202;205;255m||[38;2;204;207;255m++[38;2;198;204;255m++[38;2;198;204;255m++[38;2;194;202;255m++[38;2;195;207;255m++[38;2;193;207;255m++[38;2;187;199;255m++[38;2;187;200;255m++[38;2;185;202;255m++[38;2;185;200;255m++[38;2;180;199;255m++[38;2;178;199;255m++[38;2;179;195;255m++[38;2;181;193;255m++[38;2;178;195;255m++[38;2;171;194;255m++[38;2;163;192;255m++[38;2;165;186;255m++[38;2;169;189;255m++[38;2;172;194;255m++[38;2;175;193;255m++[38;2;174;190;255m++[38;2;170;188;255m++[38;2;162;184;255m++[38;2;158;181;255m++[38;2;160;181;255m++[38;2;161;182;255m++[38;2;168;185;255m++
[38;2;142;165;255m::[38;2;134;167;255m::[38;2;138;171;255m++[38;2;146;173;255m++[38;2;154;176;255m++[38;2;163;178;255m++[38;2;176;180;255m++[38;2;186;186;255m++[38;2;193;188;255m++[38;2;197;192;255m++[38;2;202;195;255m++[38;2;210;198;255m++[38;2;218;205;255m++[38;2;227;215;255m++[38;2;239;217;255m++[38;2;249;218;255m++[38;2;255;219;249m++[38;2;255;213;238m++[38;2;255;208;227m++[38;2;255;200;208m++[38;2;255;190;195m++[38;2;255;187;188m++[38;2;255;185;185m++[38;2;255;182;174m++[38;2;255;174;153m++[38;2;255;177;143m++[38;2;255;207;164mII[38;2;255;215;168mII[38;2;255;215;166mII[38;2;255;220;163mII[38;2;255;220;161mII[38;2;255;219;159mII[38;2;255;214;153mII[38;2;255;210;149mII[38;2;255;207;146mII[38;2;255;207;145mII[38;2;255;207;147mII[38;2;255;206;147mII[38;2;255;203;143mII[38;2;255;202;141mII[38;2;255;203;141mII[38;2;255;201;140mII[38;2;255;201;141mII[38;2;255;199;143mII[38;2;255;199;145mII[38;2;255;198;147mII[38;2;255;198;146mII[38;2;255;197;145mII[38;2;255;197;146mII[38;2;255;197;149mII[38;2;255;196;151mII[38;2;255;195;151mII[38;2;255;197;155mII[38;2;255;200;158mII[38;2;255;199;158mII[38;2;255;199;157mII[38;2;255;199;161mII[38;2;255;199;163mII[38;2;255;202;171mII[38;2;255;210;192mII[38;2;255;218;213m||[38;2;255;227;237m||[38;2;255;234;255m||[38;2;238;225;255m||[38;2;233;225;255m||[38;2;227;223;255m||[38;2;222;220;255m||[38;2;221;223;255m||[38;2;218;220;255m||[38;2;214;216;255m||[38;2;213;215;255m||[38;2;212;216;255m||[38;2;213;217;255m||[38;2;210;213;255m||[38;2;207;208;255m||[38;2;208;209;255m||[38;2;206;209;255m||[38;2;205;209;255m||[38;2;205;208;255m||[38;2;204;208;255m||[38;2;197;203;255m||[38;2;196;203;255m||[38;2;196;205;255m||[38;2;192;202;255m||[38;2;192;201;255m||[38;2;194;201;255m||[38;2;190;202;255m||[38;2;187;201;255m++[38;2;184;198;255m++[38;2;185;201;255m++[38;2;183;204;255m++[38;2;179;197;255m++[38;2;176;195;255m++[38;2;173;194;255m++[38;2;172;195;255m++[38;2;172;195;255m++[38;2;170;193;255m++[38;2;170;193;255m++[38;2;170;193;255m++[38;2;168;193;255m++[38;2;168;191;255m++[38;2;167;190;255m++[38;2;164;189;255m++[38;2;161;187;255m++[38;2;161;187;255m++[38;2;161;187;255m++[38;2;161;189;255m++[38;2;161;188;255m++[38;2;159;188;255m++[38;2;160;188;255m++
[38;2;126;165;255m++[38;2;126;166;255m++[38;2;132;166;255m++[38;2;139;172;255m++[38;2;147;174;255m++[38;2;156;179;255m++[38;2;168;179;255m++[38;2;178;182;255m++[38;2;190;190;255m++[38;2;196;194;255m++[38;2;203;198;255m++[38;2;211;201;255m++[38;2;216;203;255m++[38;2;219;207;255m++[38;2;225;212;255m++[38;2;231;215;255m++[38;2;243;219;255m++[38;2;253;222;255m++[38;2;255;218;243m++[38;2;255;213;237m||[38;2;255;208;230m||[38;2;255;202;222m||[38;2;255;204;214m||[38;2;255;201;206m||[38;2;255;193;192m||[38;2;255;186;179m||[38;2;255;183;165m||[38;2;255;185;159m||[38;2;255;185;158m||[38;2;255;184;153m||[38;2;255;190;152m||[38;2;255;199;156m||[38;2;255;207;155mII[38;2;255;210;154mII[38;2;255;210;149mII[38;2;255;209;152mII[38;2;255;208;151mII[38;2;255;208;147mII[38;2;255;205;148mII[38;2;255;202;147mII[38;2;255;201;147mII[38;2;255;201;146mII[38;2;255;199;144mII[38;2;255;198;147mII[38;2;255;198;150mII[38;2;255;199;152mII[38;2;255;198;151mII[38;2;255;199;152mII[38;2;255;199;152mII[38;2;255;198;154mII[38;2;255;197;156mII[38;2;255;198;157mII[38;2;255;199;160mII[38;2;255;202;164mII[38;2;255;200;164mII[38;2;255;202;172mII[38;2;255;208;186mII[38;2;255;216;208m||[38;2;255;223;232m||[38;2;255;236;255m||[38;2;237;228;255m||[38;2;235;221;255m||[38;2;233;222;255m||[38;2;233;225;255m||[38;2;234;227;255m||[38;2;228;225;255m||[38;2;221;223;255m||[38;2;222;224;255m||[38;2;222;222;255m||[38;2;216;216;255m||[38;2;215;215;255m||[38;2;213;215;255m||[38;2;214;214;255m||[38;2;210;213;255m||[38;2;205;209;255m||[38;2;206;210;255m||[38;2;204;208;255m||[38;2;202;209;255m||[38;2;201;209;255m||[38;2;201;208;255m||[38;2;195;204;255m||[38;2;194;204;255m||[38;2;194;204;255m||[38;2;191;202;255m||[38;2;190;201;255m||[38;2;191;202;255m||[38;2;188;199;255m||[38;2;189;206;255m||[38;2;184;203;255m++[38;2;178;197;255m++[38;2;181;201;255m||[38;2;179;197;255m||[38;2;176;194;255m||[38;2;173;195;255m||[38;2;173;195;255m||[38;2;171;194;255m++[38;2;169;194;255m++[38;2;168;192;255m++[38;2;167;192;255m++[38;2;167;192;255m++[38;2;168;193;255m++[38;2;167;191;255m++[38;2;163;191;255m++[38;2;159;190;255m++[38;2;159;191;255m++[38;2;160;190;255m++[38;2;161;190;255m++[38;2;160;190;255m++[38;2;159;189;255m++[38;2;157;192;255m++
[38;2;128;168;255m++[38;2;129;168;255m++[38;2;138;167;255m++[38;2;136;171;255m++[38;2;140;174;255m++[38;2;150;175;255m++[38;2;159;176;255m++[38;2;170;179;255m++[38;2;179;185;255m++[38;2;188;189;255m++[38;2;194;194;255m++[38;2;201;197;255m++[38;2;208;199;255m++[38;2;211;199;255m++[38;2;214;203;255m++[38;2;218;207;255m++[38;2;226;211;255m++[38;2;237;216;255m||[38;2;248;222;255m||[38;2;251;223;255m||[38;2;255;224;250m||[38;2;255;216;240m||[38;2;255;216;237m||[38;2;255;216;228m||[38;2;255;204;216m||[38;2;255;200;208m||[38;2;255;198;199m||[38;2;255;192;188m||[38;2;255;188;184m||[38;2;255;184;182m||[38;2;255;186;181m++[38;2;255;190;181m++[38;2;255;190;176m++[38;2;255;194;171m||[38;2;255;195;165m||[38;2;255;198;164m||[38;2;255;201;162m||[38;2;255;204;158mII[38;2;255;201;154mII[38;2;255;201;154mII[38;2;255;202;155mII[38;2;255;202;152mII[38;2;255;204;153mII[38;2;255;204;156mII[38;2;255;201;155mII[38;2;255;199;155mII[38;2;255;200;155mII[38;2;255;201;156mII[38;2;255;199;155mII[38;2;255;200;160mII[38;2;255;200;163mII[38;2;255;200;166mII[38;2;255;201;172mII[38;2;255;203;177mII[38;2;255;209;194mII[38;2;255;218;221m||[38;2;255;231;249m||[38;2;239;227;255m||[38;2;232;225;255m||[38;2;235;225;255m||[38;2;236;227;255m||[38;2;231;229;255m||[38;2;228;223;255m||[38;2;224;219;255m||[38;2;226;223;255m||[38;2;222;224;255m||[38;2;217;221;255m||[38;2;218;221;255m||[38;2;217;218;255m||[38;2;213;215;255m||[38;2;212;213;255m||[38;2;212;213;255m||[38;2;211;213;255m||[38;2;209;212;255m||[38;2;204;210;255m||[38;2;204;209;255m||[38;2;204;209;255m||[38;2;199;208;255m||[38;2;199;207;255m||[38;2;199;207;255m||[38;2;193;204;255m||[38;2;192;204;255m||[38;2;193;205;255m||[38;2;190;204;255m||[38;2;189;201;255m||[38;2;189;201;255m||[38;2;188;201;255m||[38;2;186;209;255m++[38;2;170;205;255m..[38;2;174;199;255m++[38;2;179;199;255m||[38;2;177;195;255m||[38;2;174;194;255m||[38;2;171;195;255m||[38;2;171;194;255m||[38;2;170;194;255m||[38;2;169;195;255m||[38;2;168;194;255m||[38;2;167;194;255m++[38;2;166;193;255m++[38;2;167;194;255m++[38;2;165;192;255m++[38;2;162;193;255m++[38;2;159;193;255m++[38;2;158;192;255m++[38;2;159;192;255m++[38;2;160;190;255m++[38;2;160;190;255m++[38;2;157;188;255m++[38;2;159;189;255m++
[38;2;121;167;255m++[38;2;128;167;255m++[38;2;131;165;255m++[38;2;135;172;255m++[38;2;141;175;255m++[38;2;147;177;255m++[38;2;158;179;255m++[38;2;167;182;255m++[38;2;174;180;255m++[38;2;182;187;255m++[38;2;188;195;255m++[38;2;191;192;255m++[38;2;194;191;255m++[38;2;200;195;255m++[38;2;207;199;255m++[38;2;213;200;255m++[38;2;217;206;255m++[38;2;226;210;255m||[38;2;237;218;255m||[38;2;238;221;255m||[38;2;245;222;255m||[38;2;251;225;255m||[38;2;255;224;250m||[38;2;255;220;243m||[38;2;255;216;236m||[38;2;255;213;229m||[38;2;255;209;221m||[38;2;255;206;214m||[38;2;255;204;209m||[38;2;255;202;206m||[38;2;255;203;208m||[38;2;255;202;208m||[38;2;255;203;209m||[38;2;255;199;204m||[38;2;255;195;195m++[38;2;255;195;198m++[38;2;255;195;198m++[38;2;255;196;199m++[38;2;255;195;197m++[38;2;255;197;193m||[38;2;255;200;189m||[38;2;255;201;184m||[38;2;255;201;181m||[38;2;255;201;180m||[38;2;255;198;178m||[38;2;255;197;178m||[38;2;255;201;177mII[38;2;255;203;178mII[38;2;255;202;181mII[38;2;255;204;190mII[38;2;255;207;198mII[38;2;255;211;201mII[38;2;255;218;214m||[38;2;255;224;232m||[38;2;255;232;249m||[38;2;249;232;255m||[38;2;246;232;255m||[38;2;236;226;255m||[38;2;228;223;255m||[38;2;228;223;255m||[38;2;226;223;255m||[38;2;222;222;255m||[38;2;222;222;255m||[38;2;222;222;255m||[38;2;219;222;255m||[38;2;218;220;255m||[38;2;218;220;255m||[38;2;217;218;255m||[38;2;214;215;255m||[38;2;216;216;255m||[38;2;211;214;255m||[38;2;208;212;255m||[38;2;208;212;255m||[38;2;207;212;255m||[38;2;205;213;255m||[38;2;205;211;255m||[38;2;203;210;255m||[38;2;201;209;255m||[38;2;201;209;255m||[38;2;200;208;255m||[38;2;194;205;255m||[38;2;193;206;255m||[38;2;190;208;255m||[38;2;190;208;255m||[38;2;187;202;255m||[38;2;187;204;255m||[38;2;190;207;255m||[38;2;190;208;255m++[38;2;147;205;255m  [38;2;179;210;255m::[38;2;183;202;255m||[38;2;176;196;255m||[38;2;174;196;255m||[38;2;173;196;255m||[38;2;173;195;255m||[38;2;173;195;255m||[38;2;169;196;255m||[38;2;167;196;255m||[38;2;166;195;255m||[38;2;164;192;255m||[38;2;164;192;255m||[38;2;164;192;255m||[38;2;164;194;255m||[38;2;165;195;255m||[38;2;164;194;255m++[38;2;162;192;255m++[38;2;162;191;255m++[38;2;161;191;255m++[38;2;162;190;255m++[38;2;161;190;255m++
[38;2;120;170;255m++[38;2;124;168;255m++[38;2;128;166;255m++[38;2;134;174;255m++[38;2;141;178;255m++[38;2;143;177;255m++[38;2;155;181;255m++[38;2;165;185;255m++[38;2;171;181;255m++[38;2;178;189;255m++[38;2;182;194;255m++[38;2;184;192;255m++[38;2;188;192;255m++[38;2;193;193;255m++[38;2;201;196;255m++[38;2;206;198;255m++[38;2;210;203;255m||[38;2;218;207;255m||[38;2;228;212;255m||[38;2;227;213;255m||[38;2;230;213;255m||[38;2;237;215;255m||[38;2;242;219;255m||[38;2;246;224;255m||[38;2;255;227;255m||[38;2;255;223;247m||[38;2;255;220;239m||[38;2;255;216;232m||[38;2;255;213;228m||[38;2;255;214;229m||[38;2;255;214;229m||[38;2;255;214;230m||[38;2;255;218;231m||[38;2;255;217;227m||[38;2;255;212;219m||[38;2;255;210;225m||[38;2;255;210;228m||[38;2;255;208;226m||[38;2;255;213;230m||[38;2;255;217;234m||[38;2;255;215;235m||[38;2;255;220;238m||[38;2;255;223;240m++[38;2;255;219;232m++[38;2;255;216;230m++[38;2;255;217;229m||[38;2;255;217;228m||[38;2;255;220;228m||[38;2;255;223;231m||[38;2;255;222;240m||[38;2;255;224;242m||[38;2;255;230;251m||[38;2;248;231;255m||[38;2;241;230;255m||[38;2;241;226;255m||[38;2;239;221;255m||[38;2;231;219;255m||[38;2;229;220;255m||[38;2;229;222;255m||[38;2;229;223;255m||[38;2;225;222;255m||[38;2;221;221;255m||[38;2;221;220;255m||[38;2;221;221;255m||[38;2;218;220;255m||[38;2;218;221;255m||[38;2;218;221;255m||[38;2;215;217;255m||[38;2;213;215;255m||[38;2;215;216;255m||[38;2;210;213;255m||[38;2;208;212;255m||[38;2;210;213;255m||[38;2;208;213;255m||[38;2;205;211;255m||[38;2;205;212;255m||[38;2;205;211;255m||[38;2;202;210;255m||[38;2;201;209;255m||[38;2;201;209;255m||[38;2;196;207;255m||[38;2;193;208;255m||[38;2;193;210;255m||[38;2;189;204;255m||[38;2;185;200;255m||[38;2;190;207;255m||[38;2;189;210;255m||[38;2;191;212;255m++[38;2;197;255;243m  [38;2;176;234;255m..[38;2;175;204;255m++[38;2;183;205;255m||[38;2;176;198;255m||[38;2;175;197;255m||[38;2;175;197;255m||[38;2;174;198;255m||[38;2;170;197;255m||[38;2;169;197;255m||[38;2;169;197;255m||[38;2;168;196;255m||[38;2;168;196;255m||[38;2;167;194;255m||[38;2;169;197;255m||[38;2;169;199;255m||[38;2;167;198;255m||[38;2;165;194;255m||[38;2;162;191;255m++[38;2;163;192;255m||[38;2;162;191;255m++[38;2;161;191;255m++
[38;2;115;167;255m++[38;2;119;167;255m++[38;2;123;167;255m++[38;2;133;177;255m++[38;2;140;182;255m++[38;2;144;182;255m++[38;2;156;185;255m++[38;2;165;189;255m++[38;2;171;188;255m++[38;2;176;192;255m++[38;2;177;197;255m++[38;2;180;193;255m++[38;2;182;191;255m++[38;2;187;191;255m++[38;2;194;194;255m++[38;2;201;198;255m++[38;2;202;199;255m||[38;2;210;204;255m||[38;2;219;207;255m||[38;2;214;205;255m||[38;2;216;205;255m||[38;2;224;207;255m||[38;2;227;213;255m||[38;2;230;216;255m||[38;2;237;218;255m||[38;2;245;224;255m||[38;2;251;228;255m||[38;2;255;227;250m||[38;2;255;225;245m||[38;2;255;226;251m||[38;2;255;226;251m||[38;2;255;226;251m||[38;2;251;229;255m||[38;2;255;229;251m||[38;2;255;225;244m||[38;2;255;225;244m||[38;2;255;225;245m||[38;2;255;224;244m||[38;2;255;227;244m||[38;2;255;228;245m||[38;2;255;226;245m||[38;2;255;232;253m||[38;2;251;234;255m||[38;2;255;232;253m||[38;2;255;230;250m||[38;2;253;233;255m||[38;2;255;235;255m||[38;2;253;235;255m||[38;2;245;228;255m||[38;2;243;225;255m||[38;2;248;227;255m||[38;2;246;225;255m||[38;2;242;223;255m||[38;2;242;224;255m||[38;2;240;224;255m||[38;2;234;223;255m||[38;2;227;219;255m||[38;2;225;219;255m||[38;2;225;219;255m||[38;2;225;219;255m||[38;2;223;221;255m||[38;2;219;219;255m||[38;2;219;219;255m||[38;2;219;219;255m||[38;2;215;218;255m||[38;2;216;218;255m||[38;2;215;218;255m||[38;2;212;214;255m||[38;2;212;214;255m||[38;2;213;214;255m||[38;2;209;213;255m||[38;2;206;211;255m||[38;2;207;212;255m||[38;2;206;212;255m||[38;2;205;212;255m||[38;2;206;213;255m||[38;2;205;212;255m||[38;2;203;210;255m||[38;2;203;211;255m||[38;2;202;210;255m||[38;2;196;208;255m||[38;2;195;208;255m||[38;2;194;209;255m||[38;2;192;209;255m||[38;2;193;208;255m||[38;2;192;212;255m++[38;2;186;221;255m::[38;2;191;227;255m::[38;2;170;255;221m  [38;2;136;255;245m  [38;2;173;221;255m::[38;2;166;201;255m::[38;2;177;200;255m||[38;2;176;198;255m||[38;2;176;198;255m||[38;2;174;198;255m||[38;2;172;198;255m||[38;2;170;198;255m||[38;2;170;198;255m||[38;2;171;200;255m||[38;2;170;199;255m||[38;2;170;200;255m||[38;2;170;197;255m||[38;2;168;196;255m||[38;2;168;195;255m||[38;2;165;194;255m||[38;2;165;193;255m||[38;2;165;193;255m||[38;2;165;193;255m||[38;2;165;194;255m||
[38;2;118;166;255m++[38;2;121;171;255m++[38;2;126;175;255m++[38;2;132;180;255m++[38;2;141;185;255m++[38;2;147;186;255m++[38;2;156;188;255m++[38;2;168;193;255m++[38;2;176;196;255m||[38;2;173;195;255m++[38;2;168;194;255m++[38;2;178;199;255m++[38;2;181;199;255m||[38;2;182;191;255m||[38;2;187;193;255m++[38;2;193;195;255m++[38;2;197;200;255m++[38;2;204;203;255m||[38;2;208;202;255m||[38;2;209;204;255m||[38;2;213;204;255m||[38;2;214;203;255m||[38;2;221;206;255m||[38;2;226;214;255m||[38;2;229;217;255m||[38;2;237;222;255m||[38;2;247;226;255m||[38;2;251;227;255m||[38;2;253;228;255m||[38;2;247;226;255m||[38;2;247;226;255m||[38;2;247;226;255m||[38;2;244;221;255m||[38;2;245;224;255m||[38;2;250;228;255m||[38;2;251;228;255m||[38;2;251;228;255m||[38;2;251;230;255m||[38;2;251;230;255m||[38;2;250;227;255m||[38;2;245;222;255m||[38;2;244;224;255m||[38;2;247;230;255m||[38;2;247;230;255m||[38;2;247;230;255m||[38;2;245;227;255m||[38;2;245;227;255m||[38;2;244;227;255m||[38;2;241;230;255m||[38;2;241;229;255m||[38;2;241;229;255m||[38;2;235;226;255m||[38;2;232;223;255m||[38;2;233;223;255m||[38;2;229;224;255m||[38;2;226;223;255m||[38;2;226;223;255m||[38;2;225;223;255m||[38;2;222;223;255m||[38;2;220;223;255m||[38;2;220;222;255m||[38;2;218;221;255m||[38;2;217;220;255m||[38;2;217;220;255m||[38;2;212;214;255m||[38;2;212;214;255m||[38;2;212;214;255m||[38;2;210;212;255m||[38;2;210;212;255m||[38;2;212;212;255m||[38;2;209;214;255m||[38;2;209;214;255m||[38;2;209;215;255m||[38;2;208;215;255m||[38;2;206;216;255m||[38;2;205;215;255m||[38;2;206;216;255m||[38;2;207;216;255m||[38;2;207;216;255m||[38;2;207;217;255m||[38;2;202;214;255m||[38;2;202;214;255m||[38;2;203;216;255m||[38;2;200;220;255m||[38;2;201;218;255m||[38;2;205;218;255m||[38;2;183;237;255m..[38;2;166;255;205m  [38;2;199;255;243m  [38;2;180;244;255m  [38;2;136;229;255m  [38;2;165;203;255m::[38;2;182;203;255m||[38;2;184;206;255m||[38;2;185;206;255m||[38;2;184;206;255m||[38;2;181;206;255m||[38;2;181;205;255m||[38;2;181;206;255m||[38;2;179;206;255m||[38;2;177;206;255m||[38;2;177;206;255m||[38;2;175;202;255m||[38;2;174;198;255m||[38;2;174;199;255m||[38;2;173;198;255m||[38;2;170;199;255m||[38;2;169;199;255m||[38;2;171;200;255m||[38;2;170;200;255m||
[38;2;133;177;255m++[38;2;133;179;255m++[38;2;136;184;255m++[38;2;141;189;255m++[38;2;146;191;255m++[38;2;152;194;255m++[38;2;159;193;255m++[38;2;162;191;255m++[38;2;167;190;255m++[38;2;163;189;255m++[38;2;162;193;255m++[38;2;169;195;255m||[38;2;173;197;255m||[38;2;173;194;255m||[38;2;180;195;255m||[38;2;187;200;255m||[38;2;196;203;255m||[38;2;198;201;255m||[38;2;201;200;255m||[38;2;206;206;255m||[38;2;211;208;255m||[38;2;214;206;255m||[38;2;217;207;255m||[38;2;221;211;255m||[38;2;226;216;255m||[38;2;229;219;255m||[38;2;232;219;255m||[38;2;238;219;255m||[38;2;241;221;255m||[38;2;237;219;255m||[38;2;238;220;255m||[38;2;237;219;255m||[38;2;235;216;255m||[38;2;237;220;255m||[38;2;241;225;255m||[38;2;238;222;255m||[38;2;237;221;255m||[38;2;238;221;255m||[38;2;237;224;255m||[38;2;234;224;255m||[38;2;230;219;255m||[38;2;230;220;255m||[38;2;233;222;255m||[38;2;231;221;255m||[38;2;233;224;255m||[38;2;234;230;255m||[38;2;233;230;255m||[38;2;234;229;255m||[38;2;235;228;255m||[38;2;235;228;255m||[38;2;235;229;255m||[38;2;231;226;255m||[38;2;231;225;255m||[38;2;232;226;255m||[38;2;228;223;255m||[38;2;225;224;255m||[38;2;226;224;255m||[38;2;224;225;255m||[38;2;221;224;255m||[38;2;221;224;255m||[38;2;220;224;255m||[38;2;215;221;255m||[38;2;215;223;255m||[38;2;217;223;255m||[38;2;213;217;255m||[38;2;213;217;255m||[38;2;213;217;255m||[38;2;208;215;255m||[38;2;207;214;255m||[38;2;207;214;255m||[38;2;209;214;255m||[38;2;207;214;255m||[38;2;209;215;255m||[38;2;208;215;255m||[38;2;207;217;255m||[38;2;208;217;255m||[38;2;208;217;255m||[38;2;208;218;255m||[38;2;208;217;255m||[38;2;208;218;255m||[38;2;202;217;255m||[38;2;198;215;255m||[38;2;194;211;255m++[38;2;190;218;255m++[38;2;190;221;255m++[38;2;198;225;255m++[38;2;218;243;255m++[38;2;178;255;229m  [38;2;170;255;255m  [38;2;175;255;239m  [38;2;159;216;255m..[38;2;186;217;255m++[38;2;183;209;255m++[38;2;180;206;255m||[38;2;180;205;255m||[38;2;180;206;255m||[38;2;179;205;255m||[38;2;180;206;255m||[38;2;178;205;255m++[38;2;180;203;255m++[38;2;180;202;255m++[38;2;178;201;255m++[38;2;176;204;255m++[38;2;174;204;255m++[38;2;174;204;255m++[38;2;175;202;255m++[38;2;177;199;255m++[38;2;174;199;255m++[38;2;177;201;255m++[38;2;177;202;255m++
[38;2;144;186;255m||[38;2;146;189;255m++[38;2;148;193;255m||[38;2;154;197;255m||[38;2;160;199;255m||[38;2;169;204;255m||[38;2;173;206;255m||[38;2;170;204;255m||[38;2;170;197;255m||[38;2;171;196;255m||[38;2;176;201;255m||[38;2;182;202;255m||[38;2;185;204;255m||[38;2;185;205;255m||[38;2;192;209;255m||[38;2;198;211;255m||[38;2;202;211;255m||[38;2;203;210;255m||[38;2;203;206;255m||[38;2;207;211;255m||[38;2;210;212;255m||[38;2;214;210;255m||[38;2;215;207;255m||[38;2;218;208;255m||[38;2;222;212;255m||[38;2;226;219;255m||[38;2;229;222;255m||[38;2;234;223;255m||[38;2;237;223;255m||[38;2;235;220;255m||[38;2;235;221;255m||[38;2;235;222;255m||[38;2;234;225;255m||[38;2;236;229;255m||[38;2;240;233;255m||[38;2;237;228;255m||[38;2;236;226;255m||[38;2;236;225;255m||[38;2;238;228;255m||[38;2;238;230;255m||[38;2;234;224;255m||[38;2;231;224;255m||[38;2;230;227;255m||[38;2;230;227;255m||[38;2;230;226;255m||[38;2;233;230;255m||[38;2;232;229;255m||[38;2;232;229;255m||[38;2;232;226;255m||[38;2;232;226;255m||[38;2;233;228;255m||[38;2;230;227;255m||[38;2;230;227;255m||[38;2;230;227;255m||[38;2;227;224;255m||[38;2;227;224;255m||[38;2;227;224;255m||[38;2;224;224;255m||[38;2;222;224;255m||[38;2;223;225;255m||[38;2;221;223;255m||[38;2;216;224;255m||[38;2;215;224;255m||[38;2;215;224;255m||[38;2;215;222;255m||[38;2;215;222;255m||[38;2;215;222;255m||[38;2;207;219;255m||[38;2;203;217;255m||[38;2;204;218;255m||[38;2;207;216;255m||[38;2;208;216;255m||[38;2;207;217;255m||[38;2;208;217;255m||[38;2;207;217;255m||[38;2;206;215;255m||[38;2;205;215;255m||[38;2;206;215;255m||[38;2;204;214;255m||[38;2;201;212;255m||[38;2;189;211;255m++[38;2;186;210;255m++[38;2;188;211;255m++[38;2;192;216;255m++[38;2;200;221;255m||[38;2;195;247;255m..[38;2;205;249;255m::[38;2;199;247;255m..[38;2;102;238;255m  [38;2;163;255;255m  [38;2;179;247;255m..[38;2;178;243;255m..[38;2;184;223;255m::[38;2;184;212;255m||[38;2;181;210;255m++[38;2;181;211;255m++[38;2;184;210;255m++[38;2;183;208;255m++[38;2;184;210;255m++[38;2;184;208;255m++[38;2;183;209;255m++[38;2;185;210;255m||[38;2;187;213;255m++[38;2;188;215;255m||[38;2;190;215;255m||[38;2;191;215;255m||[38;2;190;211;255m||[38;2;189;210;255m++[38;2;188;211;255m++[38;2;186;209;255m++
[38;2;151;194;255m||[38;2;156;197;255m||[38;2;157;198;255m||[38;2;163;204;255m||[38;2;172;208;255m||[38;2;181;212;255m||[38;2;182;213;255m||[38;2;183;212;255m||[38;2;182;211;255m||[38;2;184;211;255m||[38;2;188;212;255m||[38;2;194;214;255m||[38;2;200;218;255m||[38;2;202;217;255m||[38;2;207;216;255mII[38;2;211;216;255mII[38;2;209;217;255mII[38;2;211;218;255mII[38;2;213;215;255mII[38;2;211;212;255mII[38;2;212;213;255mII[38;2;215;216;255mII[38;2;218;215;255m||[38;2;221;217;255m||[38;2;227;226;255m||[38;2;234;231;255m||[38;2;238;234;255m||[38;2;239;233;255m||[38;2;242;236;255m||[38;2;243;238;255m||[38;2;243;238;255m||[38;2;243;238;255m||[38;2;242;239;255m||[38;2;242;240;255m||[38;2;243;242;255m||[38;2;244;239;255m||[38;2;242;239;255m||[38;2;242;240;255m||[38;2;239;236;255m++[38;2;238;231;255m++[38;2;236;229;255m++[38;2;234;231;255m++[38;2;227;229;255m++[38;2;229;229;255m||[38;2;227;225;255m++[38;2;229;225;255m++[38;2;231;228;255m||[38;2;232;229;255m||[38;2;236;231;255mII[38;2;236;231;255mII[38;2;236;231;255m||[38;2;235;233;255m||[38;2;236;233;255m||[38;2;238;231;255m||[38;2;234;228;255m||[38;2;230;227;255m||[38;2;231;228;255m||[38;2;227;226;255m||[38;2;225;223;255m||[38;2;224;223;255m||[38;2;224;226;255m||[38;2;221;227;255m||[38;2;219;223;255m||[38;2;218;223;255m||[38;2;217;225;255m||[38;2;216;224;255m||[38;2;216;223;255m||[38;2;213;221;255m||[38;2;213;222;255m||[38;2;213;222;255m||[38;2;208;217;255m||[38;2;207;215;255m||[38;2;211;221;255m||[38;2;212;222;255m||[38;2;213;222;255m||[38;2;214;223;255m||[38;2;213;222;255m||[38;2;206;221;255m||[38;2;204;220;255m||[38;2;204;219;255m||[38;2;201;215;255m||[38;2;204;216;255m||[38;2;204;215;255m||[38;2;196;217;255m||[38;2;201;219;255m||[38;2;213;255;251m::[38;2;139;255;173m  [38;2;206;242;255m  [38;2;187;241;255m  [38;2;164;255;246m  [38;2;123;255;193m  [38;2;166;255;238m..[38;2;202;229;255m++[38;2;195;219;255m||[38;2;196;216;255m||[38;2;196;217;255m||[38;2;195;217;255m||[38;2;194;217;255m||[38;2;194;217;255m||[38;2;195;219;255m||[38;2;195;219;255m||[38;2;194;219;255m||[38;2;196;217;255m||[38;2;196;215;255m||[38;2;196;217;255m||[38;2;196;216;255m||[38;2;194;213;255m||[38;2;194;214;255m||[38;2;193;214;255m||[38;2;193;212;255m||
[38;2;145;190;255m||[38;2;151;194;255m||[38;2;155;195;255m||[38;2;167;201;255m||[38;2;175;205;255m||[38;2;177;206;255m||[38;2;178;206;255m||[38;2;181;208;255m||[38;2;181;208;255m||[38;2;186;212;255m||[38;2;188;214;255m||[38;2;190;210;255m||[38;2;196;212;255m||[38;2;202;215;255mII[38;2;204;215;255mII[38;2;206;215;255mII[38;2;210;222;255mII[38;2;213;223;255mII[38;2;215;221;255mII[38;2;218;224;255mII[38;2;220;228;255m||[38;2;222;231;255m||[38;2;226;233;255m||[38;2;229;235;255m||[38;2;233;240;255m||[38;2;237;247;255m++[38;2;240;253;255m++[38;2;240;251;255m++[38;2;237;251;255m++[38;2;237;253;255m++[38;2;235;251;255m++[38;2;234;250;255m++[38;2;232;250;255m++[38;2;232;248;255m++[38;2;229;248;255m++[38;2;237;239;255m++[38;2;242;238;255m++[38;2;245;237;255m++[38;2;236;232;255m++[38;2;228;228;255m++[38;2;230;230;255m++[38;2;226;228;255m::[38;2;215;226;255m::[38;2;213;221;255m++[38;2;209;219;255m++[38;2;205;220;255m::[38;2;213;224;255m++[38;2;216;227;255m++[38;2;219;225;255m++[38;2;224;229;255m||[38;2;228;232;255m||[38;2;236;236;255m||[38;2;241;237;255m||[38;2;244;236;255mII[38;2;243;236;255mII[38;2;239;236;255mII[38;2;239;236;255mII[38;2;239;236;255mII[38;2;239;235;255mII[38;2;237;233;255mII[38;2;236;232;255mII[38;2;234;232;255m||[38;2;234;232;255m||[38;2;233;230;255m||[38;2;232;231;255m||[38;2;232;231;255m||[38;2;231;231;255m||[38;2;232;232;255m||[38;2;231;231;255m||[38;2;232;232;255m||[38;2;228;228;255m||[38;2;226;228;255m||[38;2;229;231;255m||[38;2;225;229;255m||[38;2;218;227;255m||[38;2;221;228;255m||[38;2;218;226;255m||[38;2;212;225;255m||[38;2;212;226;255m||[38;2;213;226;255m||[38;2;213;222;255m||[38;2;213;222;255m||[38;2;212;222;255m||[38;2;206;221;255m||[38;2;208;222;255mII[38;2;222;242;255m++[38;2;201;255;219m..[38;2;206;255;230m  [38;2;185;255;255m  [38;2;184;255;246m  [38;2;157;255;206m  [38;2;191;255;237m..[38;2;195;231;255m::[38;2;194;221;255m++[38;2;200;219;255m||[38;2;199;217;255m||[38;2;199;220;255m||[38;2;199;220;255m||[38;2;199;220;255m||[38;2;199;220;255m||[38;2;200;220;255m||[38;2;199;221;255m||[38;2;198;218;255m||[38;2;198;215;255m||[38;2;198;216;255m||[38;2;198;216;255m||[38;2;199;218;255m||[38;2;198;217;255m||[38;2;198;217;255m||[38;2;196;215;255m||
[38;2;176;222;255m++[38;2;185;229;255m++[38;2;192;231;255m++[38;2;199;235;255m++[38;2;198;233;255m||[38;2;190;230;255m||[38;2;191;230;255m||[38;2;193;229;255m||[38;2;194;231;255m||[38;2;195;228;255m||[38;2;191;217;255m++[38;2;190;209;255m++[38;2;191;201;255m++[38;2;203;211;255m||[38;2;200;213;255m||[38;2;198;217;255m||[38;2;202;224;255m||[38;2;206;224;255m||[38;2;210;222;255m||[38;2;211;228;255m||[38;2;216;236;255m||[38;2;220;240;255m||[38;2;222;237;255m||[38;2;224;236;255m||[38;2;223;237;255m||[38;2;224;239;255m||[38;2;224;242;255m||[38;2;222;242;255m||[38;2;222;243;255m||[38;2;222;251;255m++[38;2;221;249;255m++[38;2;221;251;255m++[38;2;219;253;255m++[38;2;218;255;255m++[38;2;216;255;255m++[38;2;222;248;255m++[38;2;231;243;255m++[38;2;243;240;255m++[38;2;233;235;255m++[38;2;224;233;255m++[38;2;227;234;255m++[38;2;224;235;255m++[38;2;219;232;255m++[38;2;215;227;255m++[38;2;211;226;255m++[38;2;201;230;255m++[38;2;198;230;255m++[38;2;196;229;255m::[38;2;193;228;255m++[38;2;194;228;255m++[38;2;197;230;255m++[38;2;199;231;255m++[38;2;205;231;255m++[38;2;218;234;255m||[38;2;223;234;255m||[38;2;227;234;255m||[38;2;225;234;255m||[38;2;227;236;255m||[38;2;224;233;255m||[38;2;211;221;255m++[38;2;209;217;255m++[38;2;219;222;255m||[38;2;226;230;255m||[38;2;232;236;255m||[38;2;237;233;255mII[38;2;237;233;255m||[38;2;235;231;255m||[38;2;239;235;255mII[38;2;240;236;255mII[38;2;237;235;255mII[38;2;237;236;255mII[38;2;236;236;255mII[38;2;232;231;255m||[38;2;228;230;255m||[38;2;224;227;255m||[38;2;224;227;255m||[38;2;223;227;255m||[38;2;220;230;255m||[38;2;220;230;255m||[38;2;220;230;255mII[38;2;216;228;255mII[38;2;216;226;255m||[38;2;216;226;255m||[38;2;215;228;255mII[38;2;221;234;255m||[38;2;231;241;255m||[38;2;233;255;247m::[38;2;183;255;191m  [38;2;188;255;199m  [38;2;183;255;224m  [38;2;164;255;238m  [38;2;146;255;224m  [38;2;179;242;255m..[38;2;202;226;255m++[38;2;209;225;255mII[38;2;206;221;255m||[38;2;203;221;255m||[38;2;203;222;255m||[38;2;203;220;255m||[38;2;202;220;255m||[38;2;202;220;255m||[38;2;200;220;255m||[38;2;199;218;255m||[38;2;199;217;255m||[38;2;198;216;255m||[38;2;198;217;255m||[38;2;198;217;255m||[38;2;196;217;255m||[38;2;199;217;255m||[38;2;197;216;255m||
[38;2;217;255;247m::[38;2;225;250;255m++[38;2;219;248;255m++[38;2;207;240;255m++[38;2;203;255;253m++[38;2;199;255;253m++[38;2;199;253;255m++[38;2;198;255;249m++[38;2;194;255;253m++[38;2;193;249;255m++[38;2;184;226;255m++[38;2;180;212;255m++[38;2;189;214;255m++[38;2;194;216;255m++[38;2;191;212;255m++[38;2;194;216;255m++[38;2;202;226;255m++[38;2;202;224;255m++[38;2;208;221;255m++[38;2;205;222;255m++[38;2;208;231;255m++[38;2;214;237;255m||[38;2;217;239;255m||[38;2;216;238;255m||[38;2;216;235;255m||[38;2;214;234;255m||[38;2;219;241;255m||[38;2;222;237;255m||[38;2;220;243;255m||[38;2;219;249;255m||[38;2;216;244;255m||[38;2;216;241;255m||[38;2;215;245;255m||[38;2;213;245;255m||[38;2;212;246;255m++[38;2;214;246;255m++[38;2;221;248;255m++[38;2;230;251;255m++[38;2;228;240;255m++[38;2;216;228;255m++[38;2;220;231;255m++[38;2;221;232;255m||[38;2;213;234;255m||[38;2;215;240;255m||[38;2;205;237;255m||[38;2;204;238;255m++[38;2;202;234;255m++[38;2;197;230;255m++[38;2;198;231;255m++[38;2;195;233;255m++[38;2;193;236;255m++[38;2;188;232;255m++[38;2;186;230;255m++[38;2;187;230;255m++[38;2;187;231;255m++[38;2;187;232;255m++[38;2;185;232;255m++[38;2;182;230;255m++[38;2;180;223;255m++[38;2;174;210;255m++[38;2;173;205;255m++[38;2;174;208;255m++[38;2;180;214;255m++[38;2;196;223;255m++[38;2;209;225;255m||[38;2;214;226;255m||[38;2;215;228;255m||[38;2;214;228;255m||[38;2;218;227;255m||[38;2;221;226;255m||[38;2;226;232;255mII[38;2;227;236;255mII[38;2;223;230;255mII[38;2;222;227;255mII[38;2;224;229;255mII[38;2;224;227;255mII[38;2;224;230;255mII[38;2;223;231;255mII[38;2;222;230;255mII[38;2;222;228;255mII[38;2;221;227;255mII[38;2;221;228;255mII[38;2;221;228;255mII[38;2;225;234;255mII[38;2;229;252;255m++[38;2;227;255;244m..[38;2;220;255;231m..[38;2;179;255;199m  [38;2;185;255;197m  [38;2;187;255;229m  [38;2;160;255;240m  [38;2;194;255;246m..[38;2;208;251;255m::[38;2;218;235;255m||[38;2;211;233;255m++[38;2;207;227;255m||[38;2;209;224;255mII[38;2;208;223;255mII[38;2;208;223;255mII[38;2;205;221;255mII[38;2;204;221;255m||[38;2;207;219;255m||[38;2;204;215;255m||[38;2;199;213;255m||[38;2;200;214;255m||[38;2;196;214;255m||[38;2;195;213;255m||[38;2;198;212;255m||[38;2;198;211;255m||[38;2;197;214;255m||
[38;2;255;239;215m..[38;2;255;247;247m::[38;2;213;223;255m++[38;2;188;204;255m++[38;2;191;224;255m++[38;2;186;251;255m++[38;2;186;255;253m++[38;2;194;255;247m++[38;2;181;255;253m++[38;2;179;255;249m++[38;2;180;247;255m++[38;2;183;230;255m++[38;2;190;230;255m++[38;2;188;220;255m++[38;2;183;210;255m++[38;2;195;219;255m++[38;2;200;225;255m++[38;2;199;221;255m++[38;2;201;216;255m++[38;2;204;215;255m++[38;2;209;224;255m++[38;2;213;231;255m||[38;2;210;231;255m||[38;2;212;230;255m||[38;2;226;237;255m||[38;2;217;229;255m||[38;2;210;229;255m||[38;2;213;230;255m||[38;2;217;241;255m||[38;2;228;249;255m++[38;2;218;241;255m||[38;2;212;236;255m||[38;2;214;243;255m||[38;2;213;242;255m||[38;2;212;241;255m||[38;2;216;243;255m||[38;2;219;244;255m||[38;2;226;250;255m||[38;2;225;247;255m||[38;2;213;237;255m||[38;2;215;240;255m||[38;2;214;234;255m||[38;2;212;232;255m||[38;2;219;244;255m||[38;2;210;239;255m||[38;2;203;236;255m||[38;2;205;232;255m||[38;2;205;230;255m||[38;2;203;226;255m||[38;2;202;226;255m||[38;2;197;228;255m||[38;2;198;234;255m||[38;2;199;237;255m||[38;2;198;237;255m||[38;2;195;235;255m||[38;2;195;235;255m||[38;2;195;235;255m||[38;2;195;235;255m||[38;2;195;232;255m||[38;2;198;226;255m||[38;2;198;221;255m||[38;2;192;217;255m||[38;2;193;217;255m||[38;2;190;217;255m||[38;2;185;218;255m++[38;2;189;221;255m||[38;2;191;222;255m||[38;2;190;224;255m||[38;2;194;226;255m||[38;2;202;227;255m||[38;2;209;234;255m||[38;2;211;237;255mII[38;2;207;232;255m||[38;2;207;230;255m||[38;2;210;229;255mII[38;2;210;229;255mII[38;2;211;231;255mII[38;2;212;232;255m||[38;2;205;225;255m||[38;2;202;223;255m||[38;2;208;224;255m||[38;2;209;224;255m||[38;2;209;224;255m||[38;2;215;233;255m||[38;2;214;247;255m::[38;2;210;255;225m..[38;2;170;255;179m  [38;2;149;255;193m  [38;2;151;255;199m  [38;2;141;255;226m  [38;2;155;255;243m  [38;2;178;255;238m  [38;2;223;255;255m..[38;2;217;255;251m..[38;2;214;249;255m::[38;2;215;231;255mII[38;2;206;224;255m||[38;2;204;223;255m||[38;2;205;223;255m||[38;2;203;223;255m||[38;2;204;221;255m||[38;2;208;223;255m||[38;2;206;215;255m||[38;2;200;211;255m||[38;2;200;213;255m||[38;2;199;212;255m||[38;2;199;212;255m||[38;2;185;208;255m++[38;2;183;210;255m++[38;2;189;210;255m++
[38;2;255;204;163m..[38;2;255;220;186m..[38;2;227;238;255m::[38;2;206;218;255m++[38;2;205;216;255m++[38;2;194;238;255m++[38;2;191;255;241m::[38;2;201;255;232m::[38;2;187;255;251m++[38;2;185;255;255m++[38;2;175;232;255m++[38;2;168;207;255m::[38;2;171;201;255m::[38;2;173;193;255m::[38;2;171;189;255m::[38;2;182;197;255m++[38;2;192;220;255m++[38;2;191;216;255m++[38;2;192;211;255m++[38;2;212;221;255m::[38;2;219;227;255m++[38;2;217;227;255m++[38;2;209;223;255m++[38;2;217;226;255m||[38;2;255;245;252m::[38;2;255;236;252m::[38;2;230;231;255m++[38;2;216;228;255m||[38;2;228;242;255m++[38;2;255;248;241m..[38;2;224;245;255m||[38;2;206;236;255m||[38;2;211;240;255m||[38;2;212;239;255m||[38;2;212;239;255m||[38;2;212;235;255m||[38;2;216;238;255m||[38;2;223;242;255m||[38;2;223;248;255m||[38;2;223;248;255m||[38;2;224;250;255m||[38;2;216;241;255m||[38;2;213;236;255m||[38;2;224;241;255m||[38;2;215;232;255m||[38;2;200;224;255m||[38;2;202;230;255m||[38;2;201;234;255m||[38;2;200;231;255m||[38;2;203;228;255m||[38;2;205;227;255m||[38;2;205;232;255m||[38;2;205;236;255m||[38;2;205;237;255m||[38;2;201;236;255m||[38;2;198;236;255m||[38;2;197;235;255m||[38;2;197;237;255m||[38;2;197;236;255m||[38;2;198;230;255m||[38;2;199;225;255m||[38;2;197;220;255m||[38;2;197;220;255m||[38;2;198;222;255m||[38;2;194;218;255m||[38;2;194;219;255m||[38;2;197;220;255m||[38;2;200;226;255m||[38;2;201;230;255m||[38;2;203;231;255m||[38;2;200;238;255m||[38;2;194;238;255m||[38;2;190;233;255m||[38;2;189;229;255m||[38;2;192;230;255m||[38;2;192;231;255m||[38;2;192;230;255m||[38;2;191;230;255m||[38;2;185;225;255m||[38;2;183;219;255m||[38;2;185;222;255m||[38;2;182;221;255m||[38;2;182;220;255m||[38;2;184;241;255m::[38;2;205;255;252m::[38;2;202;255;244m..[38;2;194;255;208m  [38;2;165;255;197m  [38;2;153;255;204m  [38;2;144;255;221m  [38;2;150;255;255m  [38;2;159;255;244m  [38;2;156;255;255m  [38;2;203;251;255m..[38;2;201;229;255m++[38;2;198;227;255m++[38;2;198;224;255m||[38;2;196;223;255m||[38;2;198;224;255m||[38;2;193;220;255m||[38;2;193;217;255m||[38;2;195;216;255m||[38;2;192;213;255m||[38;2;186;212;255m||[38;2;175;207;255m++[38;2;179;208;255m++[38;2;180;204;255m++[38;2;163;202;255m++[38;2;159;202;255m::[38;2;176;208;255m::
[38;2;255;214;182m..[38;2;255;223;196m..[38;2;240;255;240m..[38;2;229;239;255m::[38;2;208;221;255m++[38;2;206;225;255m||[38;2;232;255;252m::[38;2;207;255;207m..[38;2;194;255;249m++[38;2;184;253;255m++[38;2;182;244;255m++[38;2;184;233;255m++[38;2;179;235;255m++[38;2;177;224;255m++[38;2;177;217;255m++[38;2;177;209;255m++[38;2;180;207;255m++[38;2;189;208;255m++[38;2;192;203;255m++[38;2;231;225;255m::[38;2;237;242;255m++[38;2;230;238;255m::[38;2;216;228;255m++[38;2;219;224;255m++[38;2;255;218;207m..[38;2;255;205;186m..[38;2;255;238;236m::[38;2;231;236;255m||[38;2;252;249;255m::[38;2;255;210;174m..[38;2;235;255;255m++[38;2;206;243;255m||[38;2;207;240;255m||[38;2;208;239;255m||[38;2;206;240;255m||[38;2;209;239;255m||[38;2;214;239;255m||[38;2;214;238;255m||[38;2;219;242;255m||[38;2;226;249;255m||[38;2;232;249;255m++[38;2;215;239;255m||[38;2;215;238;255mII[38;2;235;247;255m++[38;2;231;240;255m++[38;2;204;223;255m||[38;2;201;225;255m||[38;2;201;235;255m||[38;2;201;237;255m||[38;2;207;239;255m||[38;2;208;242;255m++[38;2;213;239;255m||[38;2;207;231;255m||[38;2;200;226;255m||[38;2;201;230;255m||[38;2;198;235;255m||[38;2;194;232;255m||[38;2;196;236;255m||[38;2;193;233;255m||[38;2;201;232;255m||[38;2;201;229;255m||[38;2;202;228;255m||[38;2;202;224;255m||[38;2;201;223;255m||[38;2;195;222;255m||[38;2;193;221;255m||[38;2;192;218;255m||[38;2;194;220;255m||[38;2;197;227;255m||[38;2;195;229;255m||[38;2;190;231;255m||[38;2;189;231;255m||[38;2;186;228;255m||[38;2;185;228;255m||[38;2;183;229;255m||[38;2;180;229;255m||[38;2;180;227;255m||[38;2;176;223;255m||[38;2;173;221;255m||[38;2;172;220;255m||[38;2;177;221;255m||[38;2;176;220;255m||[38;2;180;225;255m||[38;2;201;255;255m::[38;2;145;255;194m  [38;2;191;255;239m..[38;2;200;255;227m..[38;2;170;255;212m  [38;2;166;255;215m  [38;2;155;255;221m  [38;2;127;255;221m  [38;2;150;255;232m  [38;2;179;255;244m..[38;2;193;251;255m..[38;2;159;239;255m..[38;2;181;229;255m++[38;2;191;218;255m||[38;2;190;215;255m||[38;2;186;215;255m||[38;2;177;205;255m||[38;2;181;208;255m||[38;2;181;203;255m||[38;2;170;205;255m++[38;2;150;202;255m::[38;2;146;198;255m::[38;2;151;203;255m::[38;2;161;205;255m::[38;2;158;197;255m++[38;2;164;200;255m::[38;2;177;220;255m::
[38;2;255;236;203m..[38;2;255;245;220m..[38;2;255;244;222m..[38;2;234;237;255m..[38;2;199;224;255m++[38;2;205;228;255m++[38;2;239;255;251m..[38;2;255;255;217m..[38;2;200;255;246m::[38;2;176;250;255m++[38;2;165;225;255m++[38;2;174;217;255m++[38;2;180;230;255m++[38;2;181;240;255m++[38;2;185;243;255m++[38;2;182;236;255m++[38;2;185;227;255m++[38;2;187;219;255m++[38;2;197;215;255m++[38;2;255;213;234m..[38;2;255;233;229m..[38;2;255;231;227m..[38;2;239;250;255m++[38;2;234;241;255m::[38;2;255;205;172m..[38;2;255;207;175m..[38;2;255;222;189m..[38;2;249;249;255m++[38;2;255;243;234m::[38;2;255;194;176m..[38;2;243;255;252m::[38;2;215;250;255m||[38;2;211;248;255m++[38;2;202;238;255m||[38;2;213;250;255m||[38;2;229;255;247m::[38;2;226;251;255m++[38;2;204;242;255m||[38;2;205;238;255m||[38;2;225;250;255m||[38;2;255;248;243m++[38;2;223;242;255m||[38;2;215;238;255mII[38;2;255;247;244m::[38;2;255;249;236m::[38;2;209;232;255m||[38;2;199;222;255m||[38;2;201;231;255m||[38;2;201;232;255m||[38;2;211;244;255m++[38;2;215;255;239m::[38;2;217;255;244m::[38;2;212;242;255m++[38;2;196;228;255m||[38;2;196;225;255m||[38;2;193;226;255m||[38;2;193;221;255m||[38;2;199;233;255m||[38;2;198;234;255m||[38;2;199;234;255m++[38;2;198;230;255m||[38;2;205;232;255m||[38;2;207;226;255m||[38;2;201;220;255m||[38;2;193;222;255m||[38;2;188;217;255m||[38;2;182;210;255m||[38;2;182;212;255m||[38;2;184;220;255m||[38;2;176;220;255m||[38;2;172;216;255m||[38;2;173;215;255m||[38;2;171;215;255m||[38;2;172;215;255m++[38;2;171;215;255m++[38;2;171;217;255m++[38;2;172;218;255m||[38;2;171;217;255m||[38;2;166;217;255m||[38;2;162;222;255m++[38;2;168;219;255m||[38;2;177;224;255m||[38;2;164;242;255m::[38;2;201;252;255m::[38;2;199;255;207m..[38;2;141;255;179m  [38;2;166;255;221m  [38;2;173;255;231m  [38;2;115;255;208m  [38;2;115;255;205m  [38;2;140;255;204m  [38;2;131;255;211m  [38;2;121;255;232m  [38;2;116;255;244m  [38;2;186;244;255m::[38;2;190;226;255m||[38;2;180;214;255m||[38;2;179;212;255m||[38;2;172;213;255m++[38;2;161;205;255m++[38;2;181;219;255m||[38;2;176;210;255m||[38;2;165;206;255m++[38;2;155;202;255m::[38;2;152;195;255m::[38;2;153;194;255m::[38;2;152;192;255m::[38;2;151;193;255m::[38;2;163;209;255m::[38;2;174;219;255m::
[38;2;255;221;226m..[38;2;255;233;227m..[38;2;255;242;216m..[38;2;250;255;250m..[38;2;208;234;255m++[38;2;213;240;255m++[38;2;230;255;240m..[38;2;255;212;206m..[38;2;229;255;255m..[38;2;184;246;255m++[38;2;164;228;255m++[38;2;163;220;255m++[38;2;171;214;255m++[38;2;175;217;255m++[38;2;186;235;255m++[38;2;187;242;255m++[38;2;190;241;255m++[38;2;186;237;255m++[38;2;202;247;255m++[38;2;255;238;218m..[38;2;255;211;195m..[38;2;255;199;180m..[38;2;255;252;240m::[38;2;255;252;241m::[38;2;255;195;170m..[38;2;255;196;175m..[38;2;255;200;171m..[38;2;255;247;239m::[38;2;255;236;214m::[38;2;255;199;171m..[38;2;255;251;233m..[38;2;232;255;252m::[38;2;235;242;255m::[38;2;209;234;255m++[38;2;232;255;247m::[38;2;255;207;164m..[38;2;255;255;248m::[38;2;210;251;255m||[38;2;203;246;255m||[38;2;238;253;255m++[38;2;255;211;184m..[38;2;245;255;255m++[38;2;221;245;255m||[38;2;255;241;228m::[38;2;255;236;224m::[38;2;210;231;255m||[38;2;199;220;255m||[38;2;198;221;255m||[38;2;199;225;255m||[38;2;223;252;255m::[38;2;255;255;233m..[38;2;240;255;249m::[38;2;213;255;252m::[38;2;190;237;255m||[38;2;190;230;255m||[38;2;184;222;255m||[38;2;193;221;255m||[38;2;197;232;255m::[38;2;211;244;255m++[38;2;204;242;255m::[38;2;202;229;255m||[38;2;206;234;255m++[38;2;210;235;255m++[38;2;202;226;255m||[38;2;194;225;255m++[38;2;198;225;255m||[38;2;197;222;255m||[38;2;188;216;255m||[38;2;176;213;255m||[38;2;172;217;255m++[38;2;172;224;255m||[38;2;170;222;255m++[38;2;169;223;255m++[38;2;168;217;255m++[38;2;164;210;255m++[38;2;161;211;255m++[38;2;158;211;255m++[38;2;159;215;255m++[38;2;158;217;255m++[38;2;158;222;255m||[38;2;158;225;255m||[38;2;160;223;255m||[38;2;177;243;255m++[38;2;153;255;221m..[38;2;161;255;186m  [38;2;176;255;200m  [38;2;185;255;231m  [38;2;165;255;210m  [38;2;127;255;209m  [38;2;119;255;204m  [38;2;127;255;204m  [38;2;171;255;231m..[38;2;175;255;231m  [38;2;151;255;200m..[38;2;190;255;238m::[38;2;191;248;255m++[38;2;161;230;255m::[38;2;158;218;255m++[38;2;150;202;255m++[38;2;143;208;255m::[38;2;179;234;255m++[38;2;173;227;255m++[38;2;157;206;255m::[38;2;146;191;255m::[38;2;141;184;255m::[38;2;143;183;255m::[38;2;144;181;255m::[38;2;157;200;255m::[38;2;165;216;255m::[38;2;162;205;255m::
[38;2;255;226;255m..[38;2;255;238;238m..[38;2;255;242;218m..[38;2;255;247;216m  [38;2;216;237;255m::[38;2;227;247;255m::[38;2;255;255;234m..[38;2;255;246;222m  [38;2;243;255;255m..[38;2;202;229;255m++[38;2;190;232;255m++[38;2;186;245;255m++[38;2;181;243;255m++[38;2;189;247;255m||[38;2;199;253;255m++[38;2;205;247;255m++[38;2;197;243;255m||[38;2;193;243;255m++[38;2;214;255;247m::[38;2;255;250;222m..[38;2;255;215;206m..[38;2;255;195;190m..[38;2;255;237;228m::[38;2;255;239;223m::[38;2;255;207;189m..[38;2;255;209;197m..[38;2;255;203;181m..[38;2;255;241;228m::[38;2;255;239;217m::[38;2;255;206;187m..[38;2;255;238;222m..[38;2;252;255;252m::[38;2;247;233;255m..[38;2;247;255;255m::[38;2;251;255;222m..[38;2;255;214;195m..[38;2;255;234;229m..[38;2;232;255;248m++[38;2;224;255;255m++[38;2;255;255;247m::[38;2;255;192;147m..[38;2;255;247;232m::[38;2;237;255;253m++[38;2;255;226;213m..[38;2;255;223;214m::[38;2;221;238;255m++[38;2;199;223;255m||[38;2;195;216;255m||[38;2;198;222;255m||[38;2;243;255;249m::[38;2;255;228;196m..[38;2;251;255;247m..[38;2;211;255;245m..[38;2;191;241;255m||[38;2;182;238;255m||[38;2;180;233;255m||[38;2;188;228;255m++[38;2;212;255;255m..[38;2;231;255;248m::[38;2;212;255;255m..[38;2;200;231;255m++[38;2;197;248;255m..[38;2;203;255;251m..[38;2;200;233;255m||[38;2;189;228;255m++[38;2;192;225;255m++[38;2;193;222;255m||[38;2;190;222;255m||[38;2;181;218;255m||[38;2;178;221;255m||[38;2;171;225;255m||[38;2;165;221;255m++[38;2;169;223;255m++[38;2;165;221;255m++[38;2;154;212;255m++[38;2;157;216;255m++[38;2;153;217;255m++[38;2;147;212;255m++[38;2;146;214;255m++[38;2;150;218;255m++[38;2;149;222;255m++[38;2;157;228;255m||[38;2;180;255;255m++[38;2;140;255;190m..[38;2;145;255;182m  [38;2;137;255;166m  [38;2;133;255;210m  [38;2;162;255;231m  [38;2;157;255;230m  [38;2;121;255;199m  [38;2;123;255;205m  [38;2;146;255;224m  [38;2;154;255;227m  [38;2;153;255;204m  [38;2;127;255;200m  [38;2;147;255;220m..[38;2;157;243;255m::[38;2;154;220;255m++[38;2;157;204;255m++[38;2;168;208;255m++[38;2;189;227;255m++[38;2;194;224;255m++[38;2;180;215;255m++[38;2;161;204;255m::[38;2;150;191;255m::[38;2;146;183;255m::[38;2;148;181;255m::[38;2;154;192;255m::[38;2;161;201;255m::[38;2;161;193;255m::
[38;2;255;241;255m..[38;2;255;249;227m..[38;2;255;248;215m..[38;2;245;255;236m  [38;2;223;239;255m::[38;2;225;246;255m..[38;2;247;255;223m  [38;2;238;255;205m  [38;2;255;255;241m..[38;2;216;229;255m++[38;2;204;221;255m||[38;2;192;218;255m++[38;2;180;232;255m++[38;2;183;241;255m++[38;2;199;252;255m::[38;2;209;246;255m::[38;2;194;248;255m||[38;2;201;255;253m++[38;2;242;255;234m..[38;2;255;233;216m..[38;2;255;214;201m..[38;2;255;197;192m..[38;2;255;216;209m..[38;2;255;225;198m..[38;2;255;229;185m..[38;2;255;226;194m..[38;2;255;211;194m..[38;2;255;226;204m..[38;2;255;238;218m..[38;2;255;238;226m..[38;2;255;243;228m..[38;2;255;251;239m::[38;2;247;243;255m..[38;2;255;248;241m..[38;2;255;247;207m..[38;2;255;220;205m..[38;2;255;225;210m..[38;2;255;237;226m..[38;2;255;248;239m::[38;2;255;238;225m::[38;2;255;201;168m..[38;2;255;228;201m::[38;2;255;255;233m++[38;2;255;208;183m..[38;2;255;204;171m..[38;2;255;234;207m..[38;2;221;247;255m++[38;2;195;230;255m||[38;2;204;231;255m++[38;2;255;237;230m..[38;2;255;233;211m..[38;2;246;255;230m..[38;2;229;255;247m..[38;2;195;245;255m++[38;2;181;237;255m||[38;2;172;224;255m||[38;2;181;222;255m++[38;2;216;255;233m..[38;2;233;255;229m..[38;2;201;255;255m..[38;2;198;243;255m::[38;2;196;255;246m..[38;2;204;255;238m..[38;2;196;243;255m++[38;2;175;234;255m::[38;2;178;218;255m::[38;2;168;212;255m||[38;2;169;219;255m++[38;2;165;214;255m++[38;2;161;210;255m++[38;2;155;209;255m++[38;2;155;204;255m++[38;2;149;200;255m++[38;2;151;206;255m++[38;2;141;196;255m++[38;2;147;212;255m++[38;2;143;211;255m++[38;2;140;210;255m++[38;2;137;208;255m++[38;2;136;207;255m++[38;2;144;211;255m++[38;2;154;240;255m::[38;2;183;255;228m::[38;2;190;255;217m..[38;2;160;255;195m  [38;2;127;255;163m  [38;2;127;255;208m  [38;2;137;215;255m  [38;2;137;255;255m  [38;2;141;255;226m  [38;2;139;255;216m  [38;2;102;255;204m  [38;2;127;255;216m  [38;2;159;255;223m  [38;2;148;255;223m  [38;2;173;255;227m..[38;2;173;255;237m..[38;2;174;249;255m::[38;2;196;229;255m++[38;2;166;212;255m++[38;2;168;221;255m++[38;2;164;224;255m::[38;2;159;211;255m::[38;2;158;203;255m::[38;2;153;195;255m::[38;2;132;174;255m::[38;2;136;182;255m::[38;2;154;200;255m::[38;2;169;217;255m::[38;2;178;233;255m::
[38;2;255;248;236m..[38;2;255;249;221m..[38;2;255;246;238m  [38;2;225;235;255m  [38;2;231;240;255m..[38;2;231;240;255m..[38;2;246;255;246m  [38;2;247;255;247m  [38;2;255;255;241m..[38;2;211;237;255m::[38;2;198;227;255m++[38;2;185;217;255m++[38;2;178;210;255m++[38;2;189;219;255m++[38;2;208;235;255m::[38;2;216;235;255m..[38;2;191;244;255m++[38;2;206;255;255m::[38;2;255;210;210m..[38;2;255;238;221m..[38;2;255;234;213m..[38;2;255;207;191m..[38;2;255;217;221m..[38;2;255;231;197m..[38;2;255;240;163m..[38;2;255;243;183m..[38;2;255;233;212m..[38;2;255;219;196m..[38;2;255;228;206m..[38;2;255;237;214m..[38;2;255;246;219m..[38;2;255;255;225m..[38;2;255;250;250m..[38;2;255;246;241m..[38;2;255;241;215m..[38;2;255;217;207m..[38;2;255;216;205m..[38;2;255;235;223m..[38;2;255;251;239m::[38;2;255;235;218m..[38;2;255;199;173m..[38;2;255;213;181m..[38;2;255;230;189m..[38;2;255;195;160m..[38;2;255;205;170m..[38;2;255;204;186m..[38;2;232;237;255m::[38;2;192;231;255m||[38;2;207;240;255m++[38;2;255;226;206m..[38;2;255;222;193m..[38;2;255;238;212m..[38;2;255;255;238m..[38;2;208;244;255m::[38;2;178;220;255m||[38;2;161;200;255m++[38;2;188;222;255m++[38;2;223;255;212m..[38;2;225;255;225m..[38;2;221;255;245m..[38;2;210;255;255m..[38;2;209;255;245m..[38;2;209;255;232m..[38;2;188;249;255m::[38;2;186;250;255m..[38;2;162;212;255m..[38;2;165;210;255m++[38;2;156;208;255m++[38;2;145;197;255m++[38;2;146;195;255m++[38;2;149;205;255m++[38;2;151;206;255m++[38;2;143;198;255m++[38;2;139;198;255m++[38;2;145;202;255m++[38;2;146;222;255m::[38;2;137;204;255m++[38;2;143;212;255m++[38;2;143;210;255m++[38;2;130;208;255m++[38;2;125;210;255m++[38;2;145;218;255m++[38;2;153;255;202m..[38;2;162;255;170m  [38;2;185;255;212m..[38;2;154;255;187m  [38;2;154;255;214m  [38;2;148;255;244m  [38;2;153;255;242m  [38;2;145;255;230m  [38;2;141;255;217m  [38;2;131;255;211m  [38;2;147;255;214m  [38;2;174;255;228m  [38;2;145;255;218m  [38;2;127;255;218m  [38;2;78;255;196m  [38;2;130;240;255m..[38;2;138;214;255m::[38;2;116;202;255m..[38;2;137;219;255m::[38;2;142;230;255m::[38;2;130;218;255m..[38;2;165;228;255m::[38;2;165;232;255m::[38;2;185;242;255m::[38;2;196;255;252m++[38;2;191;255;246m::[38;2;190;255;250m::[38;2;197;255;230m++
[38;2;255;249;227m..[38;2;255;247;218m  [38;2;244;234;255m  [38;2;212;212;255m  [38;2;255;255;255m  [38;2;236;242;255m..[38;2;235;241;255m..[38;2;238;246;255m  [38;2;255;255;233m  [38;2;221;251;255m..[38;2;191;225;255m::[38;2;199;219;255m++[38;2;201;219;255m||[38;2;197;222;255m++[38;2;217;240;255m..[38;2;235;240;255m..[38;2;199;234;255m++[38;2;216;247;255m..[38;2;255;216;216m  [38;2;255;245;230m..[38;2;255;238;209m..[38;2;255;220;205m..[38;2;255;231;203m..[38;2;255;247;179m..[38;2;255;244;174m..[38;2;255;255;204m..[38;2;255;255;222m..[38;2;255;221;197m..[38;2;255;215;191m..[38;2;255;234;210m..[38;2;255;242;213m..[38;2;255;250;217m..[38;2;255;255;233m..[38;2;255;250;231m..[38;2;255;239;223m..[38;2;255;221;216m..[38;2;255;221;204m..[38;2;255;235;220m..[38;2;255;251;234m..[38;2;255;233;203m..[38;2;255;203;175m..[38;2;255;205;182m..[38;2;255;213;198m::[38;2;255;190;165m..[38;2;255;211;174m..[38;2;255;216;182m..[38;2;255;248;255m::[38;2;195;226;255m++[38;2;218;248;255m++[38;2;255;222;198m..[38;2;255;216;174m..[38;2;255;233;195m..[38;2;255;245;217m..[38;2;227;255;251m..[38;2;165;210;255m++[38;2;152;201;255m++[38;2;190;255;249m::[38;2;217;255;196m..[38;2;230;255;230m..[38;2;235;255;235m..[38;2;217;255;228m..[38;2;216;255;238m..[38;2;206;255;230m..[38;2;192;255;244m..[38;2;199;255;241m..[38;2;181;229;255m..[38;2;158;210;255m++[38;2;145;207;255m++[38;2;140;197;255m++[38;2;140;193;255m++[38;2;151;213;255m::[38;2;154;229;255m::[38;2;150;211;255m++[38;2;137;223;255m::[38;2;153;234;255m::[38;2;149;241;255m..[38;2;135;201;255m++[38;2;136;210;255m++[38;2;141;212;255m++[38;2;142;212;255m++[38;2;133;237;255m::[38;2;140;237;255m::[38;2;177;255;230m::[38;2;180;255;180m  [38;2;150;255;150m  [38;2;132;255;173m  [38;2;127;255;207m  [38;2;122;255;234m  [38;2;140;255;229m  [38;2;187;255;255m  [38;2;134;255;214m  [38;2;109;255;206m  [38;2;145;255;218m  [38;2;165;255;216m  [38;2;121;255;206m  [38;2;155;255;217m  [38;2;180;255;247m::[38;2;177;255;250m++[38;2;178;255;250m++[38;2;171;245;255m::[38;2;186;255;250m::[38;2;191;255;239m++[38;2;182;255;250m::[38;2;191;255;242m++[38;2;187;255;222m++[38;2;193;255;232m++[38;2;188;255;238m++[38;2;189;255;231m++[38;2;195;255;248m::[38;2;195;255;242m++
[38;2;233;255;255m..[38;2;227;245;255m  [38;2;205;215;255m  [38;2;217;226;255m  [38;2;238;246;255m  [38;2;231;239;255m  [38;2;228;237;255m  [38;2;236;255;255m  [38;2;240;255;240m  [38;2;235;255;243m..[38;2;205;238;255m..[38;2;198;223;255m++[38;2;186;216;255m++[38;2;185;221;255m::[38;2;213;231;255m..[38;2;220;230;255m..[38;2;208;236;255m::[38;2;218;239;255m..[38;2;255;225;247m  [38;2;255;233;227m..[38;2;255;230;215m..[38;2;255;207;207m..[38;2;255;235;180m..[38;2;247;255;177m..[38;2;255;242;165m..[38;2;251;255;187m..[38;2;255;255;199m..[38;2;255;237;208m..[38;2;255;230;206m..[38;2;255;236;203m..[38;2;255;246;203m..[38;2;255;242;236m..[38;2;255;255;236m..[38;2;249;255;233m..[38;2;255;255;243m..[38;2;255;248;242m..[38;2;255;241;228m  [38;2;255;249;225m..[38;2;255;251;231m..[38;2;255;237;210m..[38;2;255;218;186m..[38;2;255;210;183m..[38;2;255;204;186m..[38;2;255;189;173m..[38;2;255;196;178m..[38;2;255;208;182m..[38;2;255;224;216m..[38;2;214;240;255m++[38;2;227;255;252m::[38;2;255;229;198m..[38;2;255;210;187m..[38;2;255;209;182m..[38;2;255;238;184m..[38;2;225;255;235m..[38;2;174;232;255m::[38;2;158;216;255m++[38;2;196;255;227m::[38;2;208;255;181m..[38;2;212;255;212m..[38;2;209;255;221m..[38;2;224;255;242m..[38;2;218;255;242m..[38;2;204;255;238m..[38;2;205;255;240m..[38;2;210;255;243m..[38;2;187;249;255m..[38;2;165;229;255m::[38;2;143;223;255m::[38;2;142;209;255m++[38;2;148;204;255m++[38;2;165;222;255m..[38;2;171;238;255m..[38;2;171;241;255m::[38;2;135;251;255m..[38;2;162;255;252m::[38;2;152;255;250m..[38;2;147;217;255m++[38;2;140;228;255m++[38;2;133;217;255m++[38;2;129;215;255m::[38;2;139;236;255m::[38;2;145;255;214m..[38;2;156;255;168m  [38;2;172;255;195m  [38;2;153;255;195m  [38;2;153;255;193m  [38;2;159;255;212m  [38;2;147;255;215m  [38;2;93;255;187m  [38;2;145;255;230m  [38;2;145;255;255m  [38;2;120;255;240m  [38;2;120;255;240m  [38;2;144;255;221m  [38;2;184;255;210m  [38;2;195;255;210m..[38;2;195;255;231m..[38;2;192;255;230m..[38;2;203;255;250m::[38;2;204;253;255m++[38;2;196;255;251m++[38;2;195;255;247m++[38;2;186;248;255m::[38;2;187;255;241m++[38;2;181;255;222m++[38;2;187;255;239m::[38;2;178;255;224m++[38;2;177;255;215m++[38;2;187;255;223m++[38;2;189;255;236m::
[38;2;222;248;255m..[38;2;214;234;255m  [38;2;217;217;255m  [38;2;220;231;255m  [38;2;225;235;255m  [38;2;232;240;255m  [38;2;228;228;255m  [38;2;245;255;255m  [38;2;241;255;241m  [38;2;239;255;239m..[38;2;208;255;255m..[38;2;180;235;255m::[38;2;163;224;255m++[38;2;176;222;255m..[38;2;210;227;255m..[38;2;207;223;255m..[38;2;211;235;255m..[38;2;231;243;255m..[38;2;240;225;255m  [38;2;248;241;255m  [38;2;255;243;226m..[38;2;255;215;221m..[38;2;255;229;183m..[38;2;255;255;191m..[38;2;255;233;170m..[38;2;250;255;178m..[38;2;255;255;188m..[38;2;255;234;208m..[38;2;255;235;205m..[38;2;238;255;194m..[38;2;233;255;191m..[38;2;228;255;219m..[38;2;245;255;230m..[38;2;255;255;237m..[38;2;255;255;248m..[38;2;255;248;241m  [38;2;255;248;234m  [38;2;255;248;222m..[38;2;255;249;227m..[38;2;255;235;220m..[38;2;255;220;198m..[38;2;255;204;179m..[38;2;255;197;176m..[38;2;255;192;176m..[38;2;255;189;166m..[38;2;255;196;176m..[38;2;255;204;176m..[38;2;238;255;232m::[38;2;232;255;219m..[38;2;255;210;171m..[38;2;255;211;197m..[38;2;255;214;187m..[38;2;255;223;202m..[38;2;244;255;228m..[38;2;203;255;255m::[38;2;176;227;255m++[38;2;200;255;207m..[38;2;210;255;172m..[38;2;205;255;185m..[38;2;211;255;216m..[38;2;218;255;248m..[38;2;206;255;241m  [38;2;199;255;236m..[38;2;200;255;238m..[38;2;212;255;236m..[38;2;184;248;255m  [38;2;174;236;255m..[38;2;150;225;255m..[38;2;148;211;255m::[38;2;155;221;255m::[38;2;189;250;255m..[38;2;207;255;255m..[38;2;174;255;246m..[38;2;163;255;239m..[38;2;170;255;244m..[38;2;155;255;240m..[38;2;166;249;255m::[38;2;151;255;247m::[38;2;155;250;255m::[38;2;143;255;243m::[38;2;158;255;236m::[38;2;172;255;208m..[38;2;162;255;170m  [38;2;164;255;197m  [38;2;162;255;208m  [38;2;153;255;204m  [38;2;121;255;199m  [38;2;160;255;217m  [38;2;127;255;212m  [38;2;120;255;225m  [38;2;127;255;255m  [38;2;120;255;228m  [38;2;156;255;245m  [38;2;132;255;244m  [38;2;120;255;201m  [38;2;140;255;165m  [38;2;149;255;167m  [38;2;144;255;208m  [38;2;193;250;255m::[38;2;202;255;249m++[38;2;190;255;229m++[38;2;187;255;223m++[38;2;186;255;230m++[38;2;188;255;229m::[38;2;183;255;210m++[38;2;189;255;207m++[38;2;182;255;199m++[38;2;175;255;194m++[38;2;187;255;205m++[38;2;185;255;208m++
[38;2;225;255;255m  [38;2;212;233;255m  [38;2;208;208;255m  [38;2;212;223;255m  [38;2;226;245;255m  [38;2;224;234;255m  [38;2;224;234;255m  [38;2;235;255;255m  [38;2;247;255;247m  [38;2;221;255;228m  [38;2;209;255;229m..[38;2;181;238;255m..[38;2;171;227;255m::[38;2;170;226;255m..[38;2;200;218;255m..[38;2;204;229;255m..[38;2;239;249;255m..[38;2;247;255;255m  [38;2;232;225;255m  [38;2;220;220;255m  [38;2;248;255;235m..[38;2;255;249;207m..[38;2;255;246;175m..[38;2;250;255;175m..[38;2;255;241;165m..[38;2;250;255;175m..[38;2;255;255;198m..[38;2;255;239;214m..[38;2;255;237;201m..[38;2;246;255;189m..[38;2;235;255;183m..[38;2;235;255;216m..[38;2;249;255;231m..[38;2;248;255;236m..[38;2;255;255;240m  [38;2;255;247;247m  [38;2;255;247;232m  [38;2;255;247;218m  [38;2;255;247;240m  [38;2;255;226;226m..[38;2;255;213;204m..[38;2;255;202;184m..[38;2;255;195;174m..[38;2;255;191;171m..[38;2;255;186;165m..[38;2;255;194;182m..[38;2;255;202;182m..[38;2;255;248;218m..[38;2;237;255;213m..[38;2;255;220;190m..[38;2;255;240;215m..[38;2;255;225;196m..[38;2;255;200;217m..[38;2;255;237;214m..[38;2;225;255;231m::[38;2;196;239;255m::[38;2;206;255;186m..[38;2;210;255;155m..[38;2;211;255;174m..[38;2;214;255;204m..[38;2;215;255;248m..[38;2;206;255;241m  [38;2;202;255;235m  [38;2;195;255;231m..[38;2;212;255;236m..[38;2;191;255;255m..[38;2;188;250;255m..[38;2;170;230;255m..[38;2;154;225;255m..[38;2;177;251;255m..[38;2;187;255;240m..[38;2;188;255;255m..[38;2;175;255;230m..[38;2;191;247;255m  [38;2;166;255;241m..[38;2;168;255;222m..[38;2;186;255;235m..[38;2;179;255;221m..[38;2;187;255;230m::[38;2;183;255;197m::[38;2;134;255;134m..[38;2;158;255;153m..[38;2;163;255;200m  [38;2;157;255;206m  [38;2;170;255;198m  [38;2;149;255;202m  [38;2;136;255;209m  [38;2;127;255;208m  [38;2;127;255;201m  [38;2;145;255;218m  [38;2;136;238;255m  [38;2;111;255;239m  [38;2;145;255;255m  [38;2;102;229;255m  [38;2;99;255;240m  [38;2;147;255;215m  [38;2;147;255;196m  [38;2;177;255;206m..[38;2;189;255;221m++[38;2;185;255;231m++[38;2;179;255;206m++[38;2;178;255;197m++[38;2;183;255;205m++[38;2;192;255;230m++[38;2;190;255;229m++[38;2;186;255;207m++[38;2;181;255;197m++[38;2;176;255;192m++[38;2;185;255;190m++[38;2;185;255;180m++
[38;2;232;255;225m  [38;2;222;213;255m  [38;2;242;204;255m  [38;2;231;231;255m  [38;2;223;233;255m  [38;2;223;233;255m  [38;2;223;233;255m  [38;2;221;232;255m  [38;2;237;246;255m  [38;2;225;255;255m  [38;2;204;255;243m..[38;2;189;248;255m  [38;2;202;234;255m..[38;2;211;223;255m..[38;2;217;225;255m  [38;2;230;236;255m..[38;2;243;249;255m..[38;2;237;237;255m  [38;2;237;237;255m  [38;2;239;239;255m  [38;2;248;255;234m..[38;2;248;255;180m..[38;2;245;255;153m..[38;2;246;255;156m..[38;2;255;255;166m..[38;2;246;255;170m..[38;2;246;255;184m..[38;2;248;255;194m..[38;2;255;255;205m..[38;2;255;250;210m..[38;2;243;255;200m..[38;2;231;255;207m..[38;2;243;255;237m..[38;2;248;255;248m..[38;2;239;255;255m  [38;2;247;233;255m  [38;2;247;231;255m  [38;2;255;240;255m  [38;2;255;233;233m  [38;2;255;230;218m..[38;2;255;232;205m..[38;2;255;225;201m..[38;2;255;205;185m..[38;2;255;197;172m..[38;2;255;193;170m..[38;2;255;212;195m..[38;2;255;215;193m..[38;2;255;225;206m..[38;2;255;239;216m..[38;2;255;230;200m..[38;2;255;227;195m..[38;2;255;238;198m..[38;2;255;230;195m..[38;2;255;244;184m..[38;2;232;255;203m..[38;2;221;255;235m::[38;2;214;255;170m..[38;2;201;255;156m..[38;2;187;255;163m..[38;2;198;255;179m..[38;2;207;255;219m..[38;2;208;255;255m  [38;2;208;255;255m  [38;2;204;255;247m  [38;2;199;255;242m..[38;2;189;255;240m  [38;2;206;255;244m..[38;2;185;255;255m..[38;2;189;255;250m..[38;2;192;255;246m..[38;2;188;255;249m..[38;2;182;255;255m..[38;2;174;255;255m..[38;2;162;247;255m  [38;2;163;255;248m..[38;2;175;255;241m..[38;2;177;255;242m..[38;2;174;255;236m..[38;2;182;255;243m..[38;2;189;255;212m..[38;2;142;255;130m  [38;2;131;255;139m  [38;2;115;255;220m  [38;2;150;255;240m  [38;2;127;255;204m  [38;2;121;255;206m  [38;2;148;255;223m  [38;2;170;255;226m  [38;2;143;255;223m  [38;2;127;255;223m  [38;2;113;255;240m  [38;2;127;255;229m  [38;2;111;255;239m  [38;2;143;239;255m  [38;2;136;255;255m  [38;2;150;255;255m  [38;2;170;255;223m  [38;2;174;255;178m..[38;2;185;255;210m::[38;2;186;255;224m++[38;2;185;255;214m++[38;2;185;255;209m++[38;2;181;255;207m++[38;2;184;255;217m++[38;2;178;255;207m++[38;2;178;255;196m++[38;2;180;255;194m::[38;2;185;255;197m::[38;2;188;255;205m::[38;2;185;255;208m::
[38;2;210;255;202m  [38;2;204;214;255m  [38;2;230;206;255m  [38;2;218;230;255m  [38;2;221;232;255m  [38;2;221;232;255m  [38;2;221;232;255m  [38;2;220;231;255m  [38;2;230;238;255m  [38;2;233;240;255m  [38;2;234;248;255m..[38;2;217;226;255m  [38;2;225;225;255m..[38;2;205;213;255m  [38;2;226;233;255m  [38;2;242;248;255m..[38;2;241;241;255m  [38;2;236;236;255m  [38;2;237;237;255m  [38;2;255;244;255m  [38;2;255;255;239m  [38;2;249;255;197m..[38;2;246;255;171m..[38;2;249;255;139m..[38;2;248;255;165m  [38;2;249;255;173m..[38;2;243;255;171m..[38;2;245;255;195m..[38;2;241;255;192m..[38;2;231;255;175m..[38;2;220;255;171m..[38;2;213;255;180m..[38;2;235;255;235m..[38;2;242;255;248m..[38;2;239;255;255m  [38;2;247;231;255m  [38;2;247;231;255m  [38;2;246;229;255m  [38;2;255;231;247m  [38;2;255;241;234m  [38;2;255;248;214m  [38;2;255;243;213m..[38;2;255;217;207m..[38;2;255;199;180m..[38;2;255;196;175m..[38;2;255;219;196m..[38;2;255;212;188m..[38;2;255;216;195m..[38;2;255;232;205m..[38;2;255;229;198m..[38;2;255;225;200m..[38;2;255;241;209m  [38;2;250;255;177m..[38;2;244;255;168m..[38;2;233;255;165m..[38;2;218;255;167m..[38;2;226;255;168m..[38;2;211;255;163m..[38;2;196;255;171m..[38;2;206;255;183m..[38;2;191;255;197m  [38;2;205;247;255m  [38;2;207;255;255m  [38;2;210;255;255m  [38;2;196;255;248m  [38;2;187;255;247m  [38;2;196;255;248m  [38;2;189;255;249m..[38;2;185;255;255m..[38;2;188;255;255m..[38;2;185;255;255m..[38;2;182;255;255m..[38;2;165;255;255m  [38;2;159;255;255m  [38;2;148;255;255m  [38;2;171;255;255m..[38;2;166;255;255m..[38;2;146;255;235m  [38;2;166;255;255m..[38;2;175;255;249m..[38;2;155;255;171m  [38;2;131;255;145m  [38;2;110;255;199m  [38;2;144;255;232m  [38;2;143;255;223m  [38;2;153;255;224m  [38;2;155;255;221m  [38;2;175;255;239m  [38;2;156;255;215m  [38;2;153;255;229m  [38;2;121;255;232m  [38;2;121;255;230m  [38;2;133;255;230m  [38;2;174;255;255m  [38;2;184;255;255m  [38;2;153;255;255m  [38;2;119;255;221m  [38;2;150;255;185m  [38;2;145;255;197m..[38;2;170;255;202m::[38;2;168;255;204m++[38;2;167;255;208m::[38;2;161;255;210m::[38;2;176;255;224m::[38;2;195;255;237m::[38;2;207;255;249m::[38;2;210;255;240m::[38;2;227;255;245m::[38;2;230;255;255m::[38;2;233;255;255m::
[38;2;180;255;202m  [38;2;157;218;255m  [38;2;201;214;255m  [38;2;229;229;255m  [38;2;223;233;255m  [38;2;218;230;255m  [38;2;214;228;255m  [38;2;220;231;255m  [38;2;227;236;255m  [38;2;230;246;255m  [38;2;235;242;255m..[38;2;221;221;255m  [38;2;216;216;255m  [38;2;202;211;255m  [38;2;211;219;255m  [38;2;233;240;255m  [38;2;247;247;255m  [38;2;238;238;255m  [38;2;239;239;255m  [38;2;255;255;255m  [38;2;255;255;237m  [38;2;244;255;191m..[38;2;245;255;168m..[38;2;250;255;165m..[38;2;255;255;180m..[38;2;249;255;192m..[38;2;241;255;180m..[38;2;244;255;182m..[38;2;243;255;198m..[38;2;245;255;186m..[38;2;227;255;173m..[38;2;221;255;182m..[38;2;231;255;231m  [38;2;240;255;247m  [38;2;240;255;255m  [38;2;238;229;255m  [38;2;246;229;255m  [38;2;255;229;255m  [38;2;238;229;255m  [38;2;247;239;255m  [38;2;255;247;233m  [38;2;255;247;233m  [38;2;255;226;226m..[38;2;255;204;198m..[38;2;255;203;188m..[38;2;255;213;190m..[38;2;255;211;187m..[38;2;255;219;193m..[38;2;255;224;193m..[38;2;255;227;194m..[38;2;255;226;192m..[38;2;255;243;219m..[38;2;255;235;197m  [38;2;250;255;168m..[38;2;240;255;165m..[38;2;228;255;161m..[38;2;242;255;163m..[38;2;213;255;153m..[38;2;194;255;168m..[38;2;192;255;163m..[38;2;197;255;204m  [38;2;210;255;255m  [38;2;207;255;255m  [38;2;211;255;255m  [38;2;194;255;248m  [38;2;189;255;247m  [38;2;189;255;247m  [38;2;194;249;255m..[38;2;184;255;255m  [38;2;180;248;255m..[38;2;172;255;255m  [38;2;165;255;255m  [38;2;151;255;255m  [38;2;161;246;255m  [38;2;153;255;255m  [38;2;156;255;248m  [38;2;170;242;255m..[38;2;162;247;255m  [38;2;147;255;234m  [38;2;153;255;243m..[38;2;157;255;195m..[38;2;168;255;163m..[38;2;127;255;173m  [38;2;93;255;201m  [38;2;170;255;221m  [38;2;187;255;238m  [38;2;159;255;223m  [38;2;143;255;207m  [38;2;137;255;215m  [38;2;153;255;238m  [38;2;182;236;255m  [38;2;176;235;255m  [38;2;156;235;255m  [38;2;127;255;255m  [38;2;153;255;255m  [38;2;136;255;238m  [38;2;117;255;255m  [38;2;131;255;237m  [38;2;180;255;220m::[38;2;173;255;212m::[38;2;155;255;230m::[38;2;164;244;255m::[38;2;203;246;255m++[38;2;227;255;248m++[38;2;229;255;248m++[38;2;236;240;255m++[38;2;255;248;250m++[38;2;255;255;246m++[38;2;246;255;242m++[38;2;242;255;235m++
[38;2;190;255;165m..[38;2;187;255;204m  [38;2;165;178;255m  [38;2;212;223;255m  [38;2;224;224;255m  [38;2;218;242;255m  [38;2;241;241;255m  [38;2;229;242;255m  [38;2;221;243;255m  [38;2;238;255;255m  [38;2;212;255;255m  [38;2;185;243;255m  [38;2;200;236;255m  [38;2;209;218;255m  [38;2;207;223;255m  [38;2;212;233;255m  [38;2;226;233;255m  [38;2;225;232;255m  [38;2;218;227;255m  [38;2;240;255;255m  [38;2;234;255;234m  [38;2;240;255;196m  [38;2;245;255;166m..[38;2;247;255;138m  [38;2;255;227;145m  [38;2;255;246;139m  [38;2;244;255;168m..[38;2;255;255;194m..[38;2;255;255;189m..[38;2;255;250;178m..[38;2;250;255;180m..[38;2;239;255;179m..[38;2;216;255;205m..[38;2;222;255;228m  [38;2;228;237;255m  [38;2;245;235;255m  [38;2;236;226;255m  [38;2;235;235;255m  [38;2;228;228;255m  [38;2;238;238;255m  [38;2;247;247;255m  [38;2;255;255;247m  [38;2;255;236;223m..[38;2;255;224;212m..[38;2;255;214;197m..[38;2;255;215;195m..[38;2;255;223;196m..[38;2;255;229;209m..[38;2;255;233;207m..[38;2;255;221;198m..[38;2;255;204;187m..[38;2;255;232;194m..[38;2;255;245;185m..[38;2;250;255;170m..[38;2;237;255;155m..[38;2;231;255;147m..[38;2;229;255;147m..[38;2;215;255;158m..[38;2;195;255;159m..[38;2;203;255;177m..[38;2;191;255;226m  [38;2;191;231;255m  [38;2;195;246;255m  [38;2;205;255;255m  [38;2;187;255;247m  [38;2;183;255;247m  [38;2;183;255;247m  [38;2;199;255;255m..[38;2;194;255;255m  [38;2;189;255;255m  [38;2;177;247;255m  [38;2;159;247;255m  [38;2;158;246;255m  [38;2;160;245;255m  [38;2;151;236;255m  [38;2;156;255;255m  [38;2;165;234;255m  [38;2;144;221;255m  [38;2;156;255;222m  [38;2;155;255;205m..[38;2;145;255;176m  [38;2;173;255;157m  [38;2;165;255;165m  [38;2;114;255;191m  [38;2;120;255;214m  [38;2;113;255;198m  [38;2;143;255;223m  [38;2;184;255;255m  [38;2;137;255;255m  [38;2;148;255;255m  [38;2;176;235;255m  [38;2;162;231;255m  [38;2;162;208;255m  [38;2;182;236;255m  [38;2;176;235;255m  [38;2;170;221;255m  [38;2;191;233;255m  [38;2;207;255;255m  [38;2;197;255;226m..[38;2;175;255;215m..[38;2;153;226;255m..[38;2;109;178;255m..[38;2;165;208;255m..[38;2;239;255;255m++[38;2;234;255;226m::[38;2;225;255;233m++[38;2;216;255;218m::[38;2;202;255;204m::[38;2;187;255;187m::[38;2;187;255;176m::
[38;2;192;255;137m..[38;2;184;255;146m  [38;2;198;226;255m  [38;2;187;214;255m  [38;2;194;230;255m  [38;2;201;241;255m  [38;2;228;228;255m  [38;2;201;201;255m  [38;2;208;208;255m  [38;2;234;234;255m  [38;2;218;242;255m  [38;2;235;255;225m  [38;2;229;255;238m  [38;2;193;246;255m  [38;2;204;240;255m  [38;2;199;231;255m  [38;2;205;222;255m  [38;2;202;219;255m  [38;2;220;227;255m  [38;2;224;248;255m..[38;2;231;255;213m..[38;2;237;255;189m..[38;2;231;255;155m..[38;2;233;255;151m..[38;2;255;237;140m  [38;2;255;241;156m  [38;2;249;255;175m..[38;2;249;255;175m..[38;2;245;255;174m..[38;2;230;255;150m..[38;2;221;255;153m..[38;2;214;255;153m..[38;2;220;255;175m..[38;2;212;255;226m  [38;2;207;215;255m  [38;2;236;236;255m  [38;2;235;235;255m  [38;2;235;235;255m  [38;2;236;236;255m  [38;2;238;238;255m  [38;2;230;230;255m  [38;2;255;247;247m  [38;2;255;241;222m..[38;2;255;228;214m  [38;2;255;216;210m  [38;2;255;213;197m..[38;2;255;226;192m..[38;2;255;234;213m..[38;2;255;249;225m..[38;2;255;231;207m..[38;2;255;207;201m..[38;2;255;230;186m  [38;2;247;255;158m..[38;2;244;255;153m..[38;2;233;255;146m..[38;2;233;255;145m..[38;2;225;255;145m..[38;2;209;255;163m..[38;2;201;255;161m..[38;2;204;255;167m..[38;2;192;255;206m  [38;2;209;255;245m  [38;2;204;255;246m  [38;2;200;255;255m  [38;2;185;255;247m  [38;2;183;255;247m  [38;2;180;255;246m  [38;2;185;255;247m  [38;2;189;255;247m  [38;2;183;255;239m  [38;2;180;255;255m  [38;2;154;236;255m  [38;2;161;246;255m  [38;2;156;245;255m  [38;2;153;244;255m  [38;2;164;246;255m  [38;2;165;247;255m  [38;2;146;231;255m  [38;2;147;255;234m  [38;2;133;255;204m  [38;2;135;255;157m  [38;2;145;255;154m  [38;2;175;255;167m  [38;2;161;255;201m  [38;2;136;255;221m  [38;2;135;255;210m  [38;2;156;255;255m  [38;2;127;233;255m  [38;2;145;236;255m  [38;2;170;233;255m  [38;2;185;208;255m  [38;2;178;204;255m  [38;2;185;208;255m  [38;2;196;215;255m  [38;2;191;212;255m  [38;2;191;212;255m  [38;2;212;233;255m  [38;2;255;255;231m  [38;2;165;255;204m  [38;2;170;255;209m..[38;2;155;230;255m..[38;2;176;255;238m::[38;2;184;255;210m::[38;2;207;255;212m::[38;2;195;255;185m..[38;2;185;255;183m::[38;2;185;255;176m::[38;2;201;255;190m::[38;2;210;255;195m::[38;2;202;255;178m..
[38;2;184;255;132m..[38;2;199;255;174m  [38;2;198;212;255m  [38;2;214;201;255m  [38;2;214;228;255m  [38;2;196;255;255m  [38;2;184;255;219m  [38;2;175;255;212m..[38;2;181;255;215m..[38;2;191;255;220m..[38;2;178;255;221m  [38;2;192;255;180m  [38;2;187;255;158m  [38;2;176;255;181m..[38;2;204;255;229m  [38;2;207;217;255m  [38;2;212;221;255m  [38;2;209;218;255m  [38;2;214;221;255m  [38;2;235;255;255m..[38;2;231;255;199m  [38;2;239;255;166m..[38;2;218;255;140m..[38;2;219;255;171m  [38;2;233;255;159m  [38;2;245;255;179m  [38;2;255;255;166m  [38;2;255;255;167m  [38;2;249;255;168m..[38;2;230;255;156m  [38;2;222;255;156m  [38;2;218;255;163m  [38;2;238;255;188m..[38;2;223;255;201m..[38;2;191;245;255m  [38;2;226;236;255m  [38;2;235;235;255m  [38;2;244;244;255m  [38;2;235;235;255m  [38;2;244;234;255m  [38;2;236;236;255m  [38;2;255;246;255m  [38;2;255;234;227m  [38;2;255;226;226m  [38;2;255;208;214m  [38;2;255;208;191m..[38;2;255;228;196m..[38;2;255;237;213m..[38;2;241;255;228m  [38;2;255;247;226m  [38;2;255;228;215m  [38;2;255;227;199m  [38;2;255;255;165m..[38;2;241;255;139m..[38;2;238;255;150m..[38;2;231;255;160m..[38;2;221;255;155m..[38;2;204;255;165m  [38;2;191;255;159m..[38;2;202;255;153m..[38;2;205;255;191m..[38;2;199;255;186m  [38;2;202;255;219m  [38;2;187;229;255m  [38;2;185;255;247m  [38;2;170;255;246m  [38;2;166;255;245m  [38;2;177;255;247m  [38;2;177;255;247m  [38;2;178;255;246m  [38;2;163;255;255m  [38;2;151;245;255m  [38;2;154;255;255m  [38;2;142;244;255m  [38;2;153;244;255m  [38;2;151;245;255m  [38;2;151;255;255m  [38;2;145;255;255m  [38;2;155;255;255m  [38;2;144;255;255m  [38;2;172;255;202m  [38;2;173;255;182m  [38;2;187;255;170m  [38;2;175;255;223m  [38;2;170;255;238m  [38;2;163;255;218m  [38;2;196;255;255m  [38;2;191;212;255m  [38;2;196;215;255m  [38;2;196;215;255m  [38;2;196;215;255m  [38;2;185;208;255m  [38;2;185;208;255m  [38;2;185;208;255m  [38;2;196;215;255m  [38;2;182;218;255m  [38;2;191;223;255m  [38;2;255;255;255m  [38;2;188;255;217m  [38;2;189;255;237m..[38;2;137;225;255m  [38;2;178;255;201m::[38;2;192;255;186m::[38;2;207;255;195m::[38;2;210;255;220m..[38;2;176;255;202m..[38;2;204;255;204m::[38;2;218;255;215m..[38;2;224;255;220m..[38;2;218;255;206m..
[38;2;176;255;117m  [38;2;185;255;173m  [38;2;147;186;255m  [38;2;173;185;255m  [38;2;173;255;255m  [38;2;163;255;226m..[38;2;153;255;204m..[38;2;153;255;197m..[38;2;150;255;191m..[38;2;165;255;192m..[38;2;170;255;191m..[38;2;176;255;166m..[38;2;182;255;154m..[38;2;196;255;179m..[38;2;188;255;205m..[38;2;157;218;255m  [38;2;197;220;255m  [38;2;215;245;255m  [38;2;221;246;255m  [38;2;209;255;215m  [38;2;215;255;187m..[38;2;232;255;155m..[38;2;221;255;155m..[38;2;208;255;162m  [38;2;255;255;210m  [38;2;255;230;194m  [38;2;255;248;187m  [38;2;248;255;167m  [38;2;249;255;160m..[38;2;255;255;162m  [38;2;246;255;167m  [38;2;234;255;156m..[38;2;236;255;168m..[38;2;227;255;200m..[38;2;192;227;255m  [38;2;222;213;255m  [38;2;226;226;255m  [38;2;212;229;255m  [38;2;223;231;255m  [38;2;225;240;255m  [38;2;205;222;255m  [38;2;211;218;255m  [38;2;241;241;255m  [38;2;255;233;247m  [38;2;255;223;229m..[38;2;255;234;199m  [38;2;255;242;206m..[38;2;255;248;216m..[38;2;247;255;233m  [38;2;247;255;232m  [38;2;255;247;240m  [38;2;255;246;213m  [38;2;249;255;177m..[38;2;239;255;147m..[38;2;237;255;142m  [38;2;231;255;162m..[38;2;228;255;163m  [38;2;219;255;170m  [38;2;223;255;175m..[38;2;221;255;170m..[38;2;214;255;173m..[38;2;220;255;197m..[38;2;191;255;223m  [38;2;173;255;255m  [38;2;191;255;231m  [38;2;186;255;245m  [38;2;185;255;255m  [38;2;197;255;230m  [38;2;196;255;233m  [38;2;170;255;212m  [38;2;180;255;230m  [38;2;156;222;255m  [38;2;141;226;255m  [38;2;147;225;255m  [38;2;137;225;255m  [38;2;137;235;255m  [38;2;156;238;255m  [38;2;144;255;246m  [38;2;132;244;255m  [38;2;138;255;255m  [38;2;172;255;213m  [38;2;198;255;184m  [38;2;206;255;194m  [38;2;191;255;233m  [38;2;182;255;218m  [38;2;153;255;216m  [38;2;178;255;216m  [38;2;201;255;241m  [38;2;170;226;255m  [38;2;159;223;255m  [38;2;153;255;238m  [38;2;176;235;255m  [38;2;185;231;255m  [38;2;208;255;255m  [38;2;233;255;233m  [38;2;218;255;200m  [38;2;212;255;233m  [38;2;191;255;255m  [38;2;189;255;222m  [38;2;191;255;229m  [38;2;184;246;255m  [38;2;217;255;230m..[38;2;212;255;224m..[38;2;197;255;242m  [38;2;189;240;255m  [38;2;194;243;255m..[38;2;203;255;231m..[38;2;198;255;217m..[38;2;201;255;201m..[38;2;211;255;203m..
[38;2;191;255;120m  [38;2;217;255;196m..[38;2;156;215;255m  [38;2;156;176;255m  [38;2;191;226;255m..[38;2;161;255;248m  [38;2;156;255;248m  [38;2;182;255;248m..[38;2;186;255;242m..[38;2;192;255;213m..[38;2;202;255;189m..[38;2;193;255;167m  [38;2;193;255;167m  [38;2;206;255;184m..[38;2;196;255;192m..[38;2;184;255;240m  [38;2;183;215;255m  [38;2;186;220;255m  [38;2;188;224;255m..[38;2;187;234;255m  [38;2;216;255;238m..[38;2;250;255;236m..[38;2;233;255;173m..[38;2;206;255;144m  [38;2;243;255;199m  [38;2;255;214;187m  [38;2;255;226;160m  [38;2;255;236;145m  [38;2;255;238;136m  [38;2;255;255;191m  [38;2;255;255;231m  [38;2;227;255;145m  [38;2;213;255;182m..[38;2;229;255;216m..[38;2;186;205;255m  [38;2;191;180;255m..[38;2;193;203;255m..[38;2;189;213;255m..[38;2;198;215;255m..[38;2;205;221;255m..[38;2;192;213;255m  [38;2;183;201;255m  [38;2;192;204;255m..[38;2;209;202;255m  [38;2;236;224;255m..[38;2;247;255;240m  [38;2;248;255;241m  [38;2;255;255;247m  [38;2;255;247;233m  [38;2;255;248;241m..[38;2;255;243;249m..[38;2;255;255;255m..[38;2;255;255;186m..[38;2;250;255;155m..[38;2;245;255;147m  [38;2;244;255;163m  [38;2;245;255;179m  [38;2;236;255;163m  [38;2;228;255;170m  [38;2;220;255;172m  [38;2;208;255;162m  [38;2;202;255;171m..[38;2;196;255;248m  [38;2;170;218;255m  [38;2;170;235;255m  [38;2;174;228;255m  [38;2;154;208;255m  [38;2;189;255;233m  [38;2;211;255;221m..[38;2;181;255;205m..[38;2;192;255;221m..[38;2;192;248;255m  [38;2;201;249;255m..[38;2;191;240;255m  [38;2;140;202;255m  [38;2;160;218;255m  [38;2;182;224;255m  [38;2;139;224;255m  [38;2;111;199;255m  [38;2;160;255;240m  [38;2;179;255;191m  [38;2;163;255;173m  [38;2;165;255;191m  [38;2;196;255;255m  [38;2;182;255;255m  [38;2;155;255;240m  [38;2;147;255;228m  [38;2;141;255;212m  [38;2;166;255;232m  [38;2;134;255;228m  [38;2;114;255;191m  [38;2;165;255;216m  [38;2;196;255;255m  [38;2;163;182;255m  [38;2;163;182;255m  [38;2;153;170;255m  [38;2;191;207;255m  [38;2;174;211;255m  [38;2;204;250;255m..[38;2;184;255;227m..[38;2;200;255;229m..[38;2;208;255;236m..[38;2;209;241;255m  [38;2;193;219;255m  [38;2;199;231;255m  [38;2;213;234;255m  [38;2;217;232;255m  [38;2;227;248;255m  [38;2;235;255;235m..[38;2;230;255;194m..
[38;2;203;255;199m..[38;2;223;255;217m::[38;2;210;255;238m..[38;2;204;255;233m..[38;2;198;255;237m..[38;2;188;255;247m..[38;2;190;255;242m..[38;2;215;255;225m..[38;2;217;255;221m..[38;2;208;255;221m..[38;2;208;255;208m::[38;2;208;255;208m..[38;2;202;255;202m..[38;2;196;255;207m..[38;2;209;255;205m..[38;2;216;255;226m..[38;2;226;255;255m..[38;2;188;219;255m..[38;2;185;214;255m..[38;2;178;211;255m..[38;2;219;251;255m::[38;2;219;235;255m..[38;2;220;255;235m..[38;2;198;255;211m..[38;2;185;255;207m..[38;2;181;255;209m..[38;2;205;255;227m..[38;2;232;255;216m..[38;2;243;255;208m..[38;2;206;255;234m  [38;2;189;255;247m  [38;2;197;255;237m..[38;2;198;255;212m..[38;2;216;255;213m::[38;2;232;255;239m..[38;2;213;241;255m..[38;2;184;223;255m..[38;2;204;236;255m..[38;2;206;224;255m..[38;2;179;211;255m..[38;2;180;232;255m  [38;2;197;223;255m  [38;2;215;226;255m..[38;2;205;233;255m  [38;2;217;248;255m..[38;2;242;255;242m..[38;2;234;255;209m..[38;2;240;255;220m..[38;2;235;255;225m..[38;2;234;255;239m..[38;2;235;245;255m..[38;2;230;255;206m..[38;2;234;255;182m..[38;2;233;255;206m..[38;2;224;255;247m  [38;2;216;255;247m  [38;2;197;230;255m  [38;2;212;255;233m  [38;2;211;255;202m..[38;2;197;255;191m..[38;2;193;255;183m..[38;2;204;255;183m..[38;2;192;244;255m..[38;2;150;191;255m..[38;2;146;212;255m..[38;2;150;220;255m..[38;2;163;224;255m..[38;2;161;235;255m..[38;2;197;255;241m..[38;2;191;255;225m..[38;2;193;255;224m..[38;2;198;255;232m..[38;2;211;255;233m..[38;2;189;255;244m..[38;2;173;250;255m..[38;2;179;251;255m..[38;2;195;255;240m..[38;2;185;255;250m..[38;2;145;213;255m..[38;2;157;242;255m  [38;2;156;255;241m  [38;2;165;255;240m  [38;2;170;245;255m  [38;2;138;255;244m  [38;2;113;255;226m  [38;2;161;255;255m  [38;2;143;255;207m  [38;2;119;255;187m  [38;2;106;255;170m  [38;2;111;255;207m  [38;2;70;255;226m  [38;2;118;255;218m  [38;2;137;255;227m  [38;2;123;255;247m  [38;2;146;255;235m  [38;2;134;255;228m  [38;2;150;248;255m  [38;2;146;222;255m..[38;2;160;249;255m..[38;2;181;255;233m..[38;2;177;255;218m..[38;2;173;255;219m..[38;2;199;255;238m..[38;2;215;255;241m  [38;2;219;255;244m..[38;2;221;255;232m..[38;2;217;255;201m..[38;2;227;255;199m..[38;2;220;255;185m..[38;2;203;255;179m..
[38;2;195;255;118m::[38;2;194;255;128m::[38;2;197;255;132m::[38;2;195;255;122m::[38;2;192;255;124m::[38;2;191;255;126m::[38;2;195;255;136m::[38;2;198;255;139m::[38;2;200;255;140m::[38;2;197;255;153m::[38;2;190;255;151m::[38;2;196;255;142m::[38;2;201;255;147m::[38;2;211;255;143m::[38;2;210;255;142m::[38;2;210;255;134m::[38;2;211;255;133m::[38;2;212;255;150m::[38;2;218;255;161m::[38;2;208;255;159m::[38;2;207;255;170m::[38;2;201;255;222m..[38;2;188;255;160m::[38;2;174;255;147m::[38;2;169;255;146m::[38;2;176;255;143m::[38;2;186;255;140m::[38;2;202;255;140m::[38;2;215;255;135m::[38;2;207;255;133m::[38;2;202;255;139m::[38;2;204;255;156m::[38;2;200;255;149m::[38;2;208;255;134m++[38;2;218;255;128m::[38;2;204;255;108m::[38;2;206;255;130m::[38;2;222;255;145m::[38;2;222;255;162m::[38;2;214;255;164m::[38;2;215;255;155m::[38;2;221;255;154m::[38;2;225;255;154m++[38;2;215;255;145m::[38;2;213;255;152m++[38;2;219;255;146m++[38;2;218;255;141m++[38;2;216;255;135m++[38;2;219;255;148m++[38;2;219;255;149m++[38;2;221;255;157m++[38;2;218;255;143m++[38;2;220;255;147m++[38;2;220;255;165m::[38;2;218;255;171m::[38;2;215;255;159m::[38;2;212;255;154m::[38;2;215;255;156m::[38;2;215;255;151m++[38;2;212;255;152m::[38;2;215;255;158m++[38;2;215;255;161m::[38;2;208;255;172m::[38;2;195;255;165m::[38;2;177;255;152m::[38;2;180;255;157m::[38;2;183;255;162m::[38;2;183;255;153m::[38;2;196;255;145m::[38;2;205;255;122m::[38;2;207;255;113m::[38;2;203;255;107m::[38;2;205;255;115m::[38;2;204;255;118m::[38;2;200;255;125m::[38;2;201;255;133m::[38;2;204;255;126m::[38;2;204;255;123m++[38;2;200;255;120m::[38;2;199;255;120m::[38;2;199;255;119m::[38;2;203;255;123m::[38;2;206;255;126m::[38;2;196;255;121m::[38;2;191;255;112m::[38;2;199;255;114m::[38;2;193;255;113m::[38;2;184;255;114m::[38;2;179;255;104m::[38;2;179;255;121m::[38;2;159;255;125m::[38;2;138;255;125m::[38;2;121;255;133m::[38;2;122;255;139m::[38;2;124;255;137m::[38;2;118;255;127m..[38;2;117;255;127m..[38;2;128;255;144m::[38;2;127;255;134m..[38;2;138;255;136m::[38;2;139;255;136m::[38;2;135;255;133m::[38;2;151;255;133m::[38;2;152;255;123m::[38;2;153;255;128m::[38;2;158;255;131m::[38;2;165;255;129m::[38;2;165;255;126m::[38;2;169;255;123m::[38;2;174;255;116m::
[38;2;209;255;92m::[38;2;209;255;104m++[38;2;205;255;95m::[38;2;205;255;99m::[38;2;208;255;102m++[38;2;208;255;107m++[38;2;211;255;101m++[38;2;213;255;105m++[38;2;211;255;108m++[38;2;208;255;114m++[38;2;208;255;108m++[38;2;204;255;93m++[38;2;205;255;101m::[38;2;210;255;114m++[38;2;206;255;115m++[38;2;202;255;114m++[38;2;204;255;100m::[38;2;211;255;113m++[38;2;223;255;129m++[38;2;220;255;119m++[38;2;214;255;139m++[38;2;200;255;197m..[38;2;185;255;119m++[38;2;177;255;118m::[38;2;179;255;131m::[38;2;187;255;129m++[38;2;190;255;107m::[38;2;200;255;103m++[38;2;216;255;110m++[38;2;216;255;111m++[38;2;211;255;110m++[38;2;206;255;120m::[38;2;199;255;119m::[38;2;203;255;108m::[38;2;207;255;101m::[38;2;207;255;93m::[38;2;211;255;104m++[38;2;219;255;115m++[38;2;217;255;116m++[38;2;215;255;112m++[38;2;214;255;101m++[38;2;218;255;107m++[38;2;220;255;120m++[38;2;215;255;117m++[38;2;214;255;120m++[38;2;216;255;119m++[38;2;215;255;111m++[38;2;216;255;112m++[38;2;218;255;107m++[38;2;218;255;115m++[38;2;217;255;116m++[38;2;216;255;108m++[38;2;214;255;107m++[38;2;217;255;127m++[38;2;218;255;130m++[38;2;218;255;121m++[38;2;218;255;119m++[38;2;215;255;123m++[38;2;209;255;119m++[38;2;212;255;125m++[38;2;210;255;124m++[38;2;207;255;124m++[38;2;203;255;124m++[38;2;196;255;115m++[38;2;186;255;112m++[38;2;185;255;121m++[38;2;185;255;123m++[38;2;177;255;123m::[38;2;182;255;125m++[38;2;190;255;117m++[38;2;193;255;102m::[38;2;197;255;104m++[38;2;201;255;120m++[38;2;199;255;112m++[38;2;202;255;111m++[38;2;201;255;111m++[38;2;200;255;110m++[38;2;201;255;109m++[38;2;200;255;105m++[38;2;199;255;104m++[38;2;203;255;106m++[38;2;197;255;108m++[38;2;190;255;109m::[38;2;192;255;112m++[38;2;192;255;111m++[38;2;190;255;111m++[38;2;195;255;116m++[38;2;192;255;117m++[38;2;191;255;117m++[38;2;193;255;116m++[38;2;188;255;118m++[38;2;184;255;115m++[38;2;181;255;119m::[38;2;179;255;124m::[38;2;175;255;132m::[38;2;163;255;122m::[38;2;161;255;119m::[38;2;158;255;119m::[38;2;159;255;120m::[38;2;162;255;126m::[38;2;159;255;118m::[38;2;161;255;121m::[38;2;160;255;127m::[38;2;157;255;126m::[38;2;155;255;123m::[38;2;157;255;125m::[38;2;165;255;131m::[38;2;166;255;132m::[38;2;164;255;129m::[38;2;167;255;128m::
[38;2;197;255;137m::[38;2;200;255;152m::[38;2;194;255;142m::[38;2;197;255;128m::[38;2;203;255;129m::[38;2;201;255;131m::[38;2;207;255;134m::[38;2;209;255;146m::[38;2;204;255;153m::[38;2;202;255;151m::[38;2;203;255;149m::[38;2;204;255;150m::[38;2;209;255;158m::[38;2;216;255;158m::[38;2;213;255;157m::[38;2;206;255;153m::[38;2;213;255;159m::[38;2;209;255;160m::[38;2;214;255;165m::[38;2;229;255;173m::[38;2;205;255;195m::[38;2;189;255;179m..[38;2;215;255;129m++[38;2;209;255;125m++[38;2;208;255;133m++[38;2;211;255;129m++[38;2;213;255;107m++[38;2;220;255;108m++[38;2;225;255;125m++[38;2;225;255;127m++[38;2;218;255;127m++[38;2;214;255;129m++[38;2;210;255;126m++[38;2;213;255;119m++[38;2;220;255;126m++[38;2;219;255;119m++[38;2;217;255;117m++[38;2;216;255;122m++[38;2;217;255;123m++[38;2;216;255;118m++[38;2;215;255;118m++[38;2;216;255;117m++[38;2;215;255;123m++[38;2;216;255;125m++[38;2;219;255;127m++[38;2;219;255;129m++[38;2;219;255;132m++[38;2;220;255;129m++[38;2;220;255;124m++[38;2;222;255;132m++[38;2;221;255;129m++[38;2;217;255;122m++[38;2;216;255;119m++[38;2;218;255;126m++[38;2;219;255;128m++[38;2;219;255;128m++[38;2;220;255;133m++[38;2;219;255;132m++[38;2;216;255;130m++[38;2;214;255;123m++[38;2;216;255;121m++[38;2;218;255;121m++[38;2;213;255;120m++[38;2;208;255;116m++[38;2;208;255;120m++[38;2;208;255;120m++[38;2;206;255;108m++[38;2;206;255;112m++[38;2;203;255;117m++[38;2;200;255;118m++[38;2;200;255;114m++[38;2;201;255;116m++[38;2;201;255;121m++[38;2;199;255;114m++[38;2;200;255;113m++[38;2;201;255;116m++[38;2;201;255;111m++[38;2;202;255;112m++[38;2;201;255;113m++[38;2;201;255;112m++[38;2;198;255;105m++[38;2;194;255;106m++[38;2;187;255;107m++[38;2;192;255;106m++[38;2;195;255;108m++[38;2;195;255;109m++[38;2;198;255;110m++[38;2;197;255;112m++[38;2;196;255;111m++[38;2;196;255;108m::[38;2;193;255;100m::[38;2;204;255;95m::[38;2;207;255;99m++[38;2;196;255;103m::[38;2;197;255;107m::[38;2;203;255;111m++[38;2;203;255;104m++[38;2;200;255;105m++[38;2;205;255;110m++[38;2;206;255;107m++[38;2;204;255;101m++[38;2;204;255;102m++[38;2;203;255;104m++[38;2;201;255;104m++[38;2;201;255;100m::[38;2;198;255;99m::[38;2;196;255;103m::[38;2;197;255;104m::[38;2;197;255;103m::[38;2;196;255;99m::
[38;2;198;255;90m::[38;2;198;255;99m::[38;2;197;255;85m::[38;2;208;255;88m::[38;2;212;255;90m::[38;2;207;255;90m::[38;2;209;255;96m++[38;2;207;255;104m++[38;2;204;255;104m::[38;2;208;255;108m::[38;2;213;255;108m++[38;2;208;255;104m::[38;2;211;255;115m++[38;2;208;255;110m::[38;2;206;255;106m::[38;2;204;255;107m::[38;2;201;255;122m::[38;2;189;255;107m::[38;2;185;255;108m::[38;2;206;255;110m::[38;2;176;255;119m::[38;2;166;255;114m::[38;2;214;255;94m++[38;2;216;255;85m++[38;2;213;255;89m++[38;2;215;255;96m++[38;2;217;255;91m++[38;2;221;255;99m++[38;2;219;255;108m++[38;2;222;255;115m++[38;2;221;255;119m++[38;2;217;255;122m++[38;2;214;255;121m++[38;2;215;255;113m++[38;2;221;255;119m++[38;2;219;255;114m++[38;2;216;255;112m++[38;2;213;255;117m++[38;2;213;255;111m++[38;2;214;255;105m++[38;2;214;255;104m++[38;2;210;255;104m++[38;2;208;255;100m++[38;2;217;255;103m++[38;2;221;255;114m++[38;2;215;255;108m++[38;2;215;255;108m++[38;2;214;255;105m++[38;2;215;255;106m++[38;2;217;255;108m++[38;2;216;255;105m++[38;2;217;255;107m++[38;2;218;255;112m++[38;2;218;255;115m++[38;2;216;255;108m++[38;2;214;255;108m++[38;2;216;255;120m++[38;2;216;255;116m++[38;2;214;255;105m++[38;2;212;255;103m++[38;2;213;255;96m++[38;2;217;255;99m++[38;2;213;255;99m++[38;2;210;255;102m++[38;2;211;255;105m++[38;2;212;255;110m++[38;2;210;255;103m++[38;2;212;255;95m++[38;2;210;255;92m++[38;2;209;255;91m++[38;2;209;255;93m++[38;2;207;255;89m++[38;2;210;255;97m++[38;2;207;255;102m++[38;2;202;255;103m++[38;2;201;255;95m++[38;2;202;255;96m++[38;2;200;255;100m++[38;2;198;255;94m++[38;2;198;255;91m++[38;2;203;255;94m++[38;2;200;255;91m++[38;2;192;255;76m::[38;2;197;255;73m::[38;2;200;255;74m::[38;2;198;255;71m::[38;2;201;255;72m::[38;2;197;255;77m::[38;2;199;255;82m::[38;2;200;255;80m++[38;2;196;255;76m::[38;2;198;255;84m++[38;2;199;255;90m++[38;2;193;255;81m::[38;2;203;255;91m++[38;2;206;255;90m++[38;2;207;255;90m++[38;2;204;255;92m++[38;2;208;255;93m++[38;2;213;255;93m++[38;2;213;255;89m++[38;2;214;255;94m++[38;2;216;255;89m++[38;2;217;255;85m++[38;2;216;255;89m++[38;2;219;255;83m++[38;2;222;255;80m++[38;2;221;255;83m++[38;2;224;255;83m++[38;2;228;255;85m++
[38;2;205;255;64m::[38;2;201;255;69m::[38;2;210;255;69m::[38;2;208;255;82m::[38;2;204;255;85m::[38;2;194;255;71m::[38;2;201;255;80m::[38;2;210;255;91m::[38;2;208;255;81m::[38;2;214;255;97m++[38;2;215;255;106m++[38;2;202;255;81m::[38;2;205;255;78m::[38;2;207;255;74m::[38;2;211;255;82m::[38;2;215;255;93m++[38;2;216;255;100m++[38;2;212;255;81m::[38;2;213;255;83m::[38;2;215;255;88m++[38;2;198;255;91m::[38;2;181;255;94m::[38;2;207;255;85m::[38;2;209;255;75m::[38;2;203;255;75m::[38;2;201;255;72m::[38;2;210;255;69m::[38;2;216;255;78m++[38;2;209;255;81m::[38;2;213;255;87m++[38;2;213;255;88m++[38;2;213;255;86m::[38;2;213;255;98m::[38;2;213;255;95m++[38;2;214;255;93m++[38;2;211;255;94m++[38;2;211;255;86m++[38;2;213;255;86m++[38;2;209;255;76m++[38;2;213;255;81m++[38;2;214;255;80m++[38;2;206;255;75m::[38;2;206;255;80m::[38;2;220;255;79m++[38;2;219;255;87m++[38;2;213;255;95m++[38;2;213;255;89m::[38;2;209;255;77m::[38;2;210;255;86m::[38;2;214;255;92m++[38;2;218;255;90m++[38;2;219;255;81m++[38;2;219;255;80m++[38;2;219;255;71m++[38;2;212;255;68m::[38;2;205;255;69m::[38;2;204;255;72m::[38;2;206;255;79m::[38;2;213;255;84m++[38;2;210;255;83m::[38;2;207;255;77m::[38;2;205;255;73m::[38;2;205;255;64m::[38;2;204;255;65m::[38;2;208;255;77m::[38;2;208;255;83m++[38;2;207;255;83m::[38;2;212;255;86m::[38;2;209;255;74m::[38;2;206;255;76m::[38;2;207;255;67m::[38;2;208;255;62m::[38;2;209;255;79m::[38;2;210;255;95m++[38;2;206;255;91m::[38;2;201;255;72m::[38;2;201;255;78m::[38;2;194;255;67m::[38;2;195;255;66m::[38;2;193;255;61m::[38;2;194;255;63m::[38;2;196;255;67m::[38;2;196;255;65m::[38;2;197;255;59m::[38;2;197;255;57m::[38;2;199;255;70m::[38;2;200;255;71m::[38;2;192;255;61m::[38;2;201;255;75m::[38;2;191;255;70m::[38;2;191;255;82m::[38;2;190;255;75m::[38;2;189;255;74m::[38;2;190;255;73m::[38;2;198;255;81m::[38;2;196;255;80m::[38;2;202;255;90m::[38;2;201;255;84m::[38;2;203;255;86m++[38;2;208;255;85m::[38;2;209;255;81m::[38;2;209;255;91m++[38;2;210;255;95m++[38;2;210;255;86m++[38;2;210;255;90m::[38;2;214;255;87m++[38;2;220;255;92m++[38;2;217;255;79m++[38;2;218;255;85m++[38;2;220;255;97m++
[38;2;201;255;59m::[38;2;192;255;61m::[38;2;195;255;57m::[38;2;191;255;59m::[38;2;199;255;76m::[38;2;191;255;52m::[38;2;203;255;75m::[38;2;213;255;95m++[38;2;209;255;85m::[38;2;218;255;101m++[38;2;221;255;91m++[38;2;219;255;67m++[38;2;220;255;87m++[38;2;220;255;85m++[38;2;223;255;79m++[38;2;227;255;89m++[38;2;224;255;80m++[38;2;225;255;85m++[38;2;224;255;83m++[38;2;221;255;72m++[38;2;217;255;77m++[38;2;211;255;86m::[38;2;220;255;91m++[38;2;220;255;83m++[38;2;218;255;82m++[38;2;213;255;86m++[38;2;221;255;91m++[38;2;224;255;89m++[38;2;216;255;99m++[38;2;214;255;89m++[38;2;214;255;88m++[38;2;216;255;95m++[38;2;216;255;93m++[38;2;215;255;87m++[38;2;214;255;82m++[38;2;214;255;82m++[38;2;218;255;78m++[38;2;219;255;82m++[38;2;215;255;77m++[38;2;219;255;91m++[38;2;218;255;87m++[38;2;213;255;71m::[38;2;214;255;80m++[38;2;221;255;86m++[38;2;215;255;78m++[38;2;215;255;87m++[38;2;215;255;88m++[38;2;213;255;81m++[38;2;214;255;88m++[38;2;220;255;89m++[38;2;225;255;86m++[38;2;219;255;70m++[38;2;217;255;66m++[38;2;217;255;64m++[38;2;216;255;67m++[38;2;217;255;82m++[38;2;215;255;89m++[38;2;215;255;90m++[38;2;219;255;98m++[38;2;218;255;91m++[38;2;216;255;92m++[38;2;216;255;81m++[38;2;215;255;80m++[38;2;216;255;80m++[38;2;221;255;72m++[38;2;220;255;74m++[38;2;222;255;86m++[38;2;220;255;85m::[38;2;220;255;85m::[38;2;217;255;77m::[38;2;213;255;73m::[38;2;211;255;76m++[38;2;213;255;80m++[38;2;213;255;90m++[38;2;212;255;101m++[38;2;210;255;89m++[38;2;209;255;87m++[38;2;207;255;82m++[38;2;205;255;78m++[38;2;205;255;83m::[38;2;206;255;79m::[38;2;204;255;66m++[38;2;202;255;67m::[38;2;201;255;62m::[38;2;200;255;59m::[38;2;201;255;68m::[38;2;203;255;80m::[38;2;202;255;88m::[38;2;209;255;86m::[38;2;200;255;80m::[38;2;197;255;82m::[38;2;197;255;75m::[38;2;197;255;77m::[38;2;202;255;80m++[38;2;207;255;86m::[38;2;207;255;88m++[38;2;212;255;81m::[38;2;213;255;87m::[38;2;214;255;89m++[38;2;211;255;88m++[38;2;213;255;95m++[38;2;213;255;100m++[38;2;210;255;99m++[38;2;210;255;86m++[38;2;213;255;92m++[38;2;213;255;92m++[38;2;215;255;89m++[38;2;215;255;85m++[38;2;214;255;88m++[38;2;213;255;86m::
[38;2;201;255;58m::[38;2;194;255;53m::[38;2;207;255;66m::[38;2;206;255;75m::[38;2;211;255;77m++[38;2;217;255;75m::[38;2;216;255;79m::[38;2;210;255;70m::[38;2;213;255;77m::[38;2;213;255;88m++[38;2;213;255;86m++[38;2;222;255;75m++[38;2;219;255;82m::[38;2;213;255;75m::[38;2;215;255;70m::[38;2;217;255;71m++[38;2;211;255;72m++[38;2;211;255;91m++[38;2;209;255;70m::[38;2;210;255;60m++[38;2;219;255;68m::[38;2;220;255;73m++[38;2;217;255;64m++[38;2;218;255;55m++[38;2;215;255;49m::[38;2;208;255;70m::[38;2;213;255;70m::[38;2;218;255;70m++[38;2;213;255;91m++[38;2;212;255;77m++[38;2;209;255;73m::[38;2;213;255;82m++[38;2;216;255;77m++[38;2;216;255;71m++[38;2;217;255;80m++[38;2;217;255;81m++[38;2;220;255;80m++[38;2;218;255;76m++[38;2;216;255;86m++[38;2;221;255;96m++[38;2;220;255;86m++[38;2;218;255;76m++[38;2;226;255;94m++[38;2;223;255;98m++[38;2;216;255;90m++[38;2;220;255;98m++[38;2;219;255;94m++[38;2;218;255;90m++[38;2;209;255;87m++[38;2;214;255;92m++[38;2;219;255;91m++[38;2;218;255;73m++[38;2;218;255;69m++[38;2;218;255;76m++[38;2;223;255;82m++[38;2;225;255;90m++[38;2;223;255;96m++[38;2;220;255;89m++[38;2;218;255;73m::[38;2;223;255;81m++[38;2;224;255;89m++[38;2;221;255;89m++[38;2;222;255;94m++[38;2;222;255;85m++[38;2;217;255;68m++[38;2;220;255;78m++[38;2;222;255;86m++[38;2;212;255;86m::[38;2;215;255;91m++[38;2;216;255;74m++[38;2;206;255;67m::[38;2;203;255;78m::[38;2;207;255;86m::[38;2;205;255;87m::[38;2;204;255;93m::[38;2;204;255;83m::[38;2;206;255;83m::[38;2;213;255;90m::[38;2;213;255;88m::[38;2;211;255;87m::[38;2;212;255;82m::[38;2;214;255;89m++[38;2;213;255;82m++[38;2;206;255;71m::[38;2;206;255;76m::[38;2;206;255;74m::[38;2;210;255;84m::[38;2;209;255;98m::[38;2;213;255;99m::[38;2;208;255;87m::[38;2;206;255;84m++[38;2;206;255;81m::[38;2;206;255;76m::[38;2;208;255;79m::[38;2;215;255;93m::[38;2;214;255;93m::[38;2;212;255;99m::[38;2;212;255;104m::[38;2;212;255;95m::[38;2;214;255;96m::[38;2;214;255;94m::[38;2;215;255;101m::[38;2;213;255;106m++[38;2;210;255;93m::[38;2;213;255;100m::[38;2;216;255;93m::[38;2;219;255;94m++[38;2;219;255;97m::[38;2;218;255;98m::[38;2;211;255;84m::
[38;2;213;255;57m::[38;2;213;255;65m::[38;2;219;255;75m::[38;2;212;255;61m::[38;2;210;255;58m::[38;2;211;255;65m::[38;2;217;255;71m::[38;2;219;255;75m::[38;2;222;255;74m::[38;2;219;255;83m::[38;2;212;255;106m::[38;2;221;255;76m::[38;2;219;255;69m::[38;2;211;255;63m::[38;2;214;255;74m::[38;2;213;255;62m::[38;2;211;255;64m::[38;2;208;255;53m::[38;2;208;255;53m::[38;2;213;255;63m::[38;2;215;255;69m::[38;2;223;255;69m++[38;2;217;255;64m::[38;2;211;255;49m::[38;2;208;255;51m::[38;2;209;255;54m::[38;2;216;255;60m++[38;2;220;255;58m++[38;2;216;255;59m::[38;2;215;255;69m::[38;2;210;255;60m::[38;2;218;255;56m::[38;2;220;255;64m++[38;2;219;255;63m++[38;2;217;255;67m::[38;2;213;255;64m::[38;2;212;255;58m::[38;2;206;255;66m::[38;2;212;255;81m++[38;2;220;255;71m::[38;2;225;255;84m++[38;2;215;255;73m++[38;2;213;255;70m::[38;2;211;255;62m::[38;2;209;255;49m::[38;2;207;255;55m::[38;2;211;255;70m::[38;2;209;255;63m::[38;2;207;255;80m::[38;2;207;255;87m::[38;2;202;255;69m::[38;2;213;255;83m::[38;2;219;255;79m++[38;2;215;255;80m++[38;2;213;255;76m++[38;2;213;255;80m::[38;2;211;255;80m::[38;2;209;255;69m::[38;2;205;255;61m::[38;2;201;255;53m::[38;2;206;255;65m::[38;2;210;255;89m::[38;2;211;255;82m++[38;2;211;255;71m::[38;2;207;255;60m::[38;2;203;255;67m::[38;2;209;255;75m::[38;2;211;255;86m::[38;2;209;255;89m::[38;2;206;255;77m::[38;2;201;255;66m::[38;2;206;255;91m::[38;2;205;255;98m::[38;2;198;255;76m::[38;2;203;255;77m::[38;2;204;255;79m::[38;2;207;255;100m::[38;2;215;255;97m::[38;2;212;255;93m::[38;2;212;255;87m::[38;2;213;255;77m::[38;2;212;255;79m::[38;2;213;255;93m++[38;2;211;255;93m++[38;2;215;255;97m::[38;2;214;255;103m++[38;2;210;255;94m::[38;2;208;255;82m::[38;2;206;255;94m::[38;2;209;255;100m::[38;2;218;255;98m::[38;2;211;255;88m::[38;2;212;255;84m::[38;2;219;255;84m::[38;2;215;255;92m::[38;2;211;255;100m::[38;2;209;255;99m++[38;2;212;255;112m++[38;2;219;255;104m++[38;2;213;255;95m++[38;2;211;255;80m::[38;2;215;255;79m::[38;2;221;255;80m::[38;2;222;255;88m::[38;2;224;255;96m::[38;2;223;255;92m::[38;2;213;255;80m::[38;2;210;255;70m::[38;2;218;255;94m::[38;2;206;255;88m::
[38;2;214;255;36m::[38;2;220;255;53m::[38;2;217;255;53m::[38;2;213;255;55m::[38;2;215;255;74m::[38;2;216;255;71m::[38;2;208;255;58m::[38;2;208;255;82m::[38;2;213;255;82m::[38;2;213;255;86m::[38;2;206;255;97m::[38;2;223;255;84m::[38;2;229;255;74m::[38;2;231;255;70m++[38;2;230;255;62m++[38;2;232;255;69m++[38;2;235;255;79m::[38;2;231;255;69m::[38;2;233;255;72m++[38;2;234;255;74m++[38;2;230;255;77m++[38;2;226;255;79m++[38;2;216;255;82m::[38;2;215;255;54m::[38;2;221;255;70m::[38;2;231;255;86m++[38;2;236;255;80m++[38;2;230;255;74m::[38;2;228;255;66m::[38;2;226;255;79m::[38;2;216;255;75m::[38;2;224;255;88m::[38;2;220;255;71m::[38;2;216;255;66m::[38;2;216;255;71m::[38;2;214;255;81m::[38;2;219;255;79m::[38;2;218;255;72m::[38;2;223;255;78m::[38;2;235;255;88m::[38;2;224;255;94m::[38;2;213;255;82m++[38;2;219;255;83m++[38;2;217;255;86m++[38;2;218;255;73m::[38;2;214;255;60m::[38;2;216;255;69m::[38;2;216;255;71m::[38;2;220;255;85m++[38;2;215;255;81m::[38;2;209;255;77m::[38;2;213;255;91m::[38;2;220;255;79m::[38;2;225;255;95m++[38;2;225;255;81m::[38;2;219;255;78m::[38;2;210;255;62m::[38;2;205;255;57m::[38;2;203;255;54m::[38;2;208;255;63m::[38;2;213;255;70m::[38;2;208;255;78m::[38;2;209;255;77m::[38;2;209;255;64m::[38;2;208;255;70m::[38;2;204;255;71m::[38;2;204;255;64m::[38;2;212;255;85m::[38;2;207;255;75m::[38;2;208;255;83m::[38;2;208;255;81m::[38;2;212;255;73m::[38;2;215;255;90m++[38;2;207;255;71m::[38;2;201;255;55m::[38;2;202;255;71m::[38;2;208;255;89m::[38;2;207;255;91m++[38;2;204;255;69m::[38;2;200;255;55m::[38;2;198;255;53m::[38;2;193;255;48m::[38;2;192;255;60m::[38;2;196;255;66m::[38;2;201;255;75m::[38;2;208;255;112m::[38;2;198;255;85m::[38;2;194;255;66m::[38;2;193;255;83m::[38;2;201;255;93m::[38;2;208;255;86m++[38;2;205;255;85m::[38;2;209;255;95m::[38;2;210;255;79m::[38;2;206;255;64m::[38;2;203;255;58m::[38;2;196;255;74m::[38;2;189;255;72m::[38;2;196;255;68m::[38;2;189;255;61m::[38;2;195;255;63m::[38;2;201;255;60m::[38;2;215;255;77m::[38;2;220;255;81m::[38;2;220;255;83m::[38;2;227;255;97m::[38;2;223;255;79m::[38;2;218;255;73m::[38;2;228;255;95m::[38;2;219;255;74m::
[38;2;211;255;41m::[38;2;221;255;49m::[38;2;216;255;58m::[38;2;215;255;65m::[38;2;216;255;57m::[38;2;215;255;57m::[38;2;198;255;58m::[38;2;189;255;92m::[38;2;192;255;79m::[38;2;192;255;86m::[38;2;190;255;98m::[38;2;217;255;75m::[38;2;227;255;76m++[38;2;229;255;66m++[38;2;228;255;59m++[38;2;228;255;56m::[38;2;229;255;61m::[38;2;227;255;50m::[38;2;231;255;68m::[38;2;223;255;53m::[38;2;230;255;64m++[38;2;234;255;85m++[38;2;227;255;83m::[38;2;225;255;61m++[38;2;223;255;52m::[38;2;231;255;77m++[38;2;231;255;73m++[38;2;227;255;74m++[38;2;232;255;67m::[38;2;225;255;65m::[38;2;207;255;56m::[38;2;208;255;63m::[38;2;218;255;57m::[38;2;222;255;65m::[38;2;226;255;77m::[38;2;229;255;86m::[38;2;236;255;97m::[38;2;224;255;70m::[38;2;217;255;52m::[38;2;219;255;71m::[38;2;193;255;74m::[38;2;195;255;65m::[38;2;218;255;64m::[38;2;215;255;62m::[38;2;217;255;71m::[38;2;214;255;69m::[38;2;213;255;56m::[38;2;216;255;68m::[38;2;213;255;75m::[38;2;217;255;84m++[38;2;224;255;102m++[38;2;209;255;86m::[38;2;206;255;57m::[38;2;207;255;78m::[38;2;207;255;70m::[38;2;217;255;73m::[38;2;218;255;49m++[38;2;222;255;46m++[38;2;219;255;59m++[38;2;219;255;68m++[38;2;219;255;76m++[38;2;205;255;72m::[38;2;204;255;62m::[38;2;210;255;65m::[38;2;206;255;57m::[38;2;202;255;51m::[38;2;206;255;69m::[38;2;210;255;67m::[38;2;204;255;50m::[38;2;205;255;55m::[38;2;196;255;69m::[38;2;196;255;51m::[38;2;199;255;64m::[38;2;199;255;70m::[38;2;201;255;64m::[38;2;196;255;75m::[38;2;204;255;85m::[38;2;192;255;70m::[38;2;191;255;56m::[38;2;191;255;50m::[38;2;193;255;54m::[38;2;190;255;46m::[38;2;186;255;44m::[38;2;185;255;40m::[38;2;192;255;53m::[38;2;192;255;74m::[38;2;178;255;55m::[38;2;177;255;65m::[38;2;195;255;78m::[38;2;195;255;77m::[38;2;192;255;68m::[38;2;196;255;63m::[38;2;201;255;88m::[38;2;196;255;73m::[38;2;205;255;75m::[38;2;211;255;75m::[38;2;215;255;72m::[38;2;205;255;64m::[38;2;203;255;55m::[38;2;195;255;55m::[38;2;198;255;69m::[38;2;208;255;65m::[38;2;214;255;74m::[38;2;214;255;68m::[38;2;213;255;62m::[38;2;218;255;69m::[38;2;216;255;68m::[38;2;213;255;74m::[38;2;223;255;86m::[38;2;218;255;60m::
